Sample_ID,azm_sr,cip_sr,cfx_sr
ERR1549286,1,NA,NA
ERR1549290,1,NA,NA
ERR1549291,1,NA,NA
ERR1549287,1,NA,NA
ERR1549288,1,NA,NA
ERR1549299,1,NA,NA
ERR1549292,1,NA,NA
ERR1549298,0,NA,NA
ERR1549296,0,NA,NA
ERR1549300,1,NA,NA
ERR1549295,0,NA,NA
ERR1549294,0,NA,NA
ERR1549289,0,NA,NA
ERR1549293,1,NA,NA
SRR1661154,0,0,0
SRR1661156,0,1,0
SRR1661157,0,0,0
SRR1661158,0,0,0
SRR1661159,0,0,0
SRR1661160,0,0,0
SRR1661161,0,1,0
SRR1661162,0,0,0
SRR1661163,0,0,0
SRR1661164,0,1,0
SRR1661165,0,0,0
SRR1661166,0,1,0
SRR1661167,0,0,0
SRR1661169,0,0,0
SRR1661171,0,0,0
SRR1661172,0,0,0
SRR1661174,0,1,0
SRR1661176,0,1,0
SRR1661177,0,0,0
SRR1661178,0,0,0
SRR1661179,0,0,0
SRR1661180,0,0,0
SRR1661181,0,1,0
SRR1661182,0,1,0
SRR1661184,0,1,0
SRR1661185,0,1,0
SRR1661186,0,1,0
SRR1661187,0,1,0
SRR1661188,0,1,0
SRR1661189,0,1,0
SRR1661191,0,1,0
SRR1661192,0,1,0
SRR1661193,0,1,0
SRR1661194,0,0,0
SRR1661195,0,1,0
SRR1661196,0,1,0
SRR1661197,0,1,0
SRR1661198,0,1,0
SRR1661200,0,1,0
SRR1661201,0,1,0
SRR1661202,0,1,0
SRR1661203,0,1,0
SRR1661204,0,1,0
SRR1661205,0,1,0
SRR1661206,0,1,0
SRR1661208,0,1,0
SRR1661209,1,1,0
SRR1661210,0,1,0
SRR1661212,0,1,0
SRR1661213,0,1,0
SRR1661214,0,1,0
SRR1661215,0,1,0
SRR1661217,0,1,0
SRR1661218,0,0,0
SRR1661219,0,0,0
SRR1661220,0,1,0
SRR1661221,0,1,0
SRR1661222,0,1,0
SRR1661224,0,0,0
SRR1661225,0,0,0
SRR1661226,0,1,0
SRR1661228,0,1,0
SRR1661230,0,1,0
SRR1661231,0,1,0
SRR1661232,0,0,0
SRR1661233,0,1,0
SRR1661234,0,0,0
SRR1661235,0,0,0
SRR1661236,0,0,0
SRR1661237,0,0,0
SRR1661238,0,0,0
SRR1661239,0,0,0
SRR1661240,0,0,0
SRR1661241,0,0,0
SRR1661244,0,1,0
SRR1661246,0,1,0
SRR1661247,0,1,0
SRR1661248,0,1,0
SRR1661251,0,1,0
SRR1661252,0,1,0
SRR1661253,0,1,0
SRR1661254,0,1,0
SRR1661255,0,0,0
SRR1661256,0,0,0
SRR1661257,0,0,0
SRR1661258,0,1,0
SRR1661259,0,1,0
SRR1661260,0,0,0
SRR1661261,0,0,0
SRR1661263,0,0,0
SRR1661264,0,0,0
SRR1661266,0,0,0
SRR1661267,0,0,0
SRR1661268,0,1,0
SRR1661269,0,1,0
SRR1661270,0,1,0
SRR1661271,0,1,0
SRR1661272,0,1,0
SRR1661273,0,1,0
SRR1661274,0,1,0
SRR1661276,0,1,0
SRR1661277,0,1,0
SRR1661278,0,1,0
SRR1661280,0,1,0
SRR1661282,0,0,0
SRR1661283,0,1,0
SRR1661284,0,1,0
SRR1661285,0,0,0
SRR1661286,0,0,0
SRR1661287,0,0,0
SRR1661288,0,0,0
SRR1661289,0,0,0
SRR1661290,0,0,0
SRR1661291,0,0,0
SRR1661293,0,1,0
SRR1661294,0,1,0
SRR1661295,0,0,0
SRR1661296,0,1,0
SRR1661297,0,1,0
SRR1661298,0,1,0
SRR1661299,0,1,0
SRR1661300,0,1,0
SRR1661302,0,1,0
SRR1661303,0,1,0
SRR1661304,0,1,0
SRR1661305,0,1,0
SRR1661306,0,1,0
SRR1661307,0,1,0
SRR1661308,0,1,0
SRR1661309,0,1,0
SRR1661310,0,1,0
SRR1661311,0,1,0
SRR1661312,0,0,0
SRR1661313,0,0,0
SRR1661314,0,0,0
SRR1661316,0,0,0
SRR1661317,0,0,0
SRR1661318,0,0,0
SRR1661319,0,0,0
SRR1661320,0,0,0
SRR1661321,0,0,0
SRR1661323,0,0,0
SRR1661153,0,0,0
SRR2736093,0,NA,0
SRR2736094,0,NA,0
SRR1661155,0,0,0
SRR2736095,0,NA,0
SRR2736096,0,NA,0
SRR2736097,0,NA,0
SRR2736098,0,NA,0
SRR2736099,0,NA,0
SRR2736100,0,NA,0
SRR2736101,0,NA,0
SRR2736102,0,NA,0
SRR2736103,0,NA,0
SRR2736104,0,NA,0
SRR2736105,0,NA,0
SRR2736106,0,NA,0
SRR2736107,0,NA,0
SRR2736108,0,NA,0
SRR2736109,0,NA,0
SRR2736110,1,NA,0
SRR2736111,1,NA,0
SRR2736112,0,NA,0
SRR2736113,0,NA,0
SRR2736114,0,NA,0
SRR2736115,0,NA,0
SRR2736116,0,NA,0
SRR2736117,0,NA,0
SRR2736118,0,NA,0
SRR2736119,0,NA,0
SRR2736120,0,NA,0
SRR2736121,0,NA,0
SRR2736122,0,NA,0
SRR2736123,0,NA,0
SRR2736124,0,NA,0
SRR2736125,0,NA,0
SRR2736126,0,NA,0
SRR2736127,0,NA,0
SRR2736128,0,NA,0
SRR2736129,1,NA,0
SRR1661168,0,1,0
SRR2736131,1,NA,0
SRR2736132,1,NA,0
SRR2736133,1,NA,0
SRR2736134,1,NA,0
SRR2736135,0,NA,0
SRR2736136,1,NA,0
SRR2736137,0,NA,0
SRR1661175,0,1,0
SRR2736139,1,NA,0
SRR2736140,1,NA,0
SRR1661183,0,1,0
SRR2736141,1,NA,0
SRR2736142,1,NA,0
SRR2736143,1,NA,0
SRR2736144,1,NA,0
SRR2736145,1,NA,0
SRR2736146,0,NA,0
SRR2736147,0,NA,0
SRR2736148,0,NA,0
SRR2736149,0,NA,0
SRR2736150,0,NA,0
SRR2736151,0,NA,0
SRR2736152,1,NA,0
SRR2736153,1,NA,0
SRR2736154,1,NA,0
SRR2736155,1,NA,0
SRR2736156,1,NA,0
SRR2736157,1,NA,0
SRR1661199,0,1,0
SRR1661207,NA,1,0
SRR2736159,0,NA,0
SRR2736160,1,NA,0
SRR2736161,1,NA,0
SRR2736162,1,NA,0
SRR2736163,1,NA,0
SRR1661211,0,0,0
SRR2736164,0,NA,0
SRR2736165,0,NA,0
SRR1661223,0,0,0
SRR1661227,NA,1,0
SRR2736167,0,NA,0
SRR2736168,1,NA,0
SRR2736169,1,NA,0
SRR2736170,1,NA,0
SRR2736171,1,NA,0
SRR2736172,0,NA,0
SRR2736173,1,NA,0
SRR2736174,1,NA,0
SRR1661242,0,1,0
SRR2736175,0,NA,0
SRR1661243,0,1,0
SRR2736176,0,NA,0
SRR2736177,0,NA,0
SRR1661245,0,1,0
SRR1661249,0,1,0
SRR1661250,0,1,0
SRR2736178,0,NA,0
SRR2736179,1,NA,0
SRR2736180,1,NA,0
SRR2736181,1,NA,0
SRR2736182,1,NA,0
SRR2736183,1,NA,0
SRR2736184,1,NA,0
SRR2736185,0,NA,0
SRR2736186,0,NA,0
SRR2736188,1,NA,0
SRR2736189,1,NA,0
SRR2736190,1,NA,0
SRR2736191,1,NA,0
SRR2736192,1,NA,0
SRR1661262,0,1,0
SRR2736193,1,NA,0
SRR2736194,1,NA,0
SRR2736195,1,NA,0
SRR2736196,1,NA,0
SRR2736197,1,NA,0
SRR2736198,0,NA,0
SRR1661265,0,1,0
SRR2736200,1,NA,0
SRR2736201,1,NA,0
SRR2736202,1,NA,0
SRR2736203,1,NA,0
SRR1661279,0,1,0
SRR2736204,1,NA,0
SRR2736205,1,NA,0
SRR2736206,1,NA,0
SRR2736207,1,NA,0
SRR2736208,1,NA,0
SRR1661281,0,0,0
SRR2736209,1,NA,0
SRR2736210,1,NA,0
SRR1661292,0,1,1
SRR2736211,0,NA,0
SRR2736212,1,NA,0
SRR2736213,0,NA,0
SRR2736214,1,NA,0
SRR1661315,1,1,0
SRR2736215,1,NA,0
SRR2736216,1,NA,0
SRR2736217,1,NA,0
SRR2736218,0,NA,0
SRR2736219,1,NA,0
SRR2736220,1,NA,0
SRR2736221,1,NA,0
SRR2736222,1,NA,0
SRR2736223,1,NA,0
SRR2736224,1,NA,0
SRR2736225,1,NA,0
SRR2736226,1,NA,0
SRR2736227,1,NA,0
SRR2736228,1,NA,0
SRR2736229,1,NA,0
SRR2736230,1,NA,0
SRR2736231,1,NA,0
SRR2736232,1,NA,0
SRR2736233,1,NA,0
SRR2736234,1,NA,0
SRR2736235,1,NA,0
SRR2736236,1,NA,0
SRR2736237,1,NA,0
SRR2736238,0,NA,0
SRR2736239,0,NA,0
SRR2736240,1,NA,0
SRR2736241,1,NA,0
SRR2736242,1,NA,0
SRR2736243,1,NA,0
SRR2736244,1,NA,0
SRR2736245,1,NA,0
SRR2736246,1,NA,0
SRR2736247,1,NA,0
SRR2736248,1,NA,0
SRR2736249,0,NA,0
SRR2736250,1,NA,0
SRR2736251,1,NA,0
SRR2736252,1,NA,0
SRR2736253,0,NA,0
SRR2736254,1,NA,0
SRR2736255,0,NA,0
SRR2736256,0,NA,0
SRR2736257,1,NA,0
SRR2736258,1,NA,0
SRR2736259,1,NA,0
SRR2736260,0,NA,0
SRR2736261,0,NA,0
SRR2736262,0,NA,0
SRR2736263,1,NA,0
SRR2736264,1,NA,0
SRR2736265,1,NA,0
SRR2736266,1,NA,0
SRR2736267,1,NA,0
SRR2736268,1,NA,0
SRR2736269,0,NA,0
SRR2736270,0,NA,0
SRR2736271,1,NA,0
SRR2736272,1,NA,0
SRR2736273,1,NA,0
SRR2736274,1,NA,0
SRR2736275,0,NA,0
SRR2736276,1,NA,0
SRR2736277,1,NA,0
SRR2736278,1,NA,0
SRR2736279,1,NA,0
SRR2736280,0,NA,0
SRR2736281,0,NA,0
SRR2736282,1,NA,0
SRR2736283,1,NA,0
SRR2736284,1,NA,0
SRR2736285,1,NA,0
SRR2736286,1,NA,0
SRR2736287,1,NA,0
SRR2736288,1,NA,0
SRR2736289,1,NA,0
SRR2736290,1,NA,0
SRR2736291,1,NA,0
SRR2736292,1,NA,0
SRR2736293,0,NA,0
SRR2736294,0,NA,0
SRR2736295,1,NA,0
SRR2736296,1,NA,0
SRR2736297,1,NA,0
SRR2736298,0,NA,0
SRR2736299,1,NA,0
SRR2736300,1,NA,0
SRR2736301,0,NA,0
SRR2736302,1,NA,0
SRR2736303,1,NA,0
SRR2736304,0,NA,0
SRR2736305,0,NA,0
SRR2736306,1,NA,0
SRR1661322,0,0,0
16853_2#1,0,1,0
16853_2#10,0,1,0
16853_2#11,0,0,0
16853_2#12,0,0,0
16853_2#13,0,0,0
16853_2#14,0,1,0
16853_2#15,0,1,0
16853_2#16,0,1,0
16853_2#17,0,1,0
16853_2#18,0,1,0
16853_2#19,0,1,0
16853_2#2,0,0,0
16853_2#20,0,0,0
16853_2#21,0,0,0
16853_2#22,0,1,0
16853_2#23,0,1,0
16853_2#24,0,1,0
16853_2#25,0,1,0
16853_2#26,0,0,0
16853_2#27,0,0,0
16853_2#28,0,1,0
16853_2#29,0,0,0
16853_2#3,0,1,0
16853_2#30,0,0,0
16853_2#31,0,1,0
16853_2#32,0,1,0
16853_2#33,0,0,0
16853_2#34,0,0,0
16853_2#35,0,0,0
16853_2#37,0,0,0
16853_2#38,0,1,0
16853_2#39,0,0,0
16853_2#4,0,0,0
16853_2#40,0,1,0
16853_2#41,0,1,0
16853_2#42,0,1,0
16853_2#43,0,1,0
16853_2#44,0,1,0
16853_2#45,0,1,0
16853_2#46,0,0,0
16853_2#47,0,0,0
16853_2#48,0,1,0
16853_2#49,0,0,0
16853_2#5,0,1,0
16853_2#50,0,1,0
16853_2#51,NA,NA,0
16853_2#52,NA,NA,0
16853_2#53,NA,NA,0
16853_2#54,NA,NA,0
16853_2#55,NA,NA,0
16853_2#56,NA,NA,0
16853_2#57,NA,NA,0
16853_2#58,NA,NA,0
16853_2#59,NA,NA,0
16853_2#6,0,0,0
16853_2#60,NA,NA,0
16853_2#61,NA,NA,0
16853_2#62,NA,NA,0
16853_2#63,NA,NA,0
16853_2#64,NA,NA,0
16853_2#65,NA,NA,0
16853_2#66,NA,NA,0
16853_2#67,NA,NA,0
16853_2#68,NA,NA,0
16853_2#69,NA,NA,0
16853_2#7,0,1,0
16853_2#70,NA,NA,0
16853_2#71,NA,NA,0
16853_2#72,NA,NA,0
16853_2#73,NA,NA,0
16853_2#74,NA,NA,0
16853_2#75,NA,NA,0
16853_2#76,NA,NA,0
16853_2#77,NA,NA,0
16853_2#78,NA,NA,0
16853_2#79,0,NA,0
16853_2#80,NA,NA,0
16853_2#81,NA,NA,0
16853_2#82,NA,NA,0
16853_2#83,NA,NA,0
16853_2#84,NA,NA,0
16853_2#85,NA,NA,0
16853_2#86,NA,NA,0
16853_2#87,NA,NA,0
16853_2#88,NA,NA,0
16853_2#89,NA,NA,0
16853_2#9,0,0,0
16853_2#90,NA,NA,0
16853_2#91,NA,NA,0
16853_2#92,NA,NA,0
16853_2#93,NA,NA,0
16853_2#94,NA,NA,0
16853_2#95,NA,NA,0
16853_3#1,0,NA,0
16853_3#10,0,1,0
16853_3#18,0,0,0
16853_3#19,0,0,0
16853_3#2,0,NA,0
16853_3#21,0,0,0
16853_3#22,0,0,0
16853_3#23,0,0,0
16853_3#24,0,0,0
16853_3#25,0,0,0
16853_3#3,NA,NA,0
16853_3#32,0,0,0
16853_3#33,0,1,0
16853_3#35,0,1,0
16853_3#37,0,0,0
16853_3#38,0,1,0
16853_3#39,0,0,0
16853_3#4,NA,NA,0
16853_3#49,0,1,0
16853_3#5,NA,NA,0
16853_3#50,0,0,0
16853_3#51,0,1,0
16853_3#52,0,0,0
16853_3#53,0,0,0
16853_3#54,0,0,0
16853_3#55,0,1,0
16853_3#56,0,0,0
16853_3#57,NA,1,0
16853_3#58,NA,0,0
16853_3#59,NA,NA,0
16853_3#6,0,NA,0
16853_3#60,NA,NA,0
16853_3#61,NA,NA,0
16853_3#62,NA,NA,0
16853_3#64,NA,NA,0
16853_3#66,NA,NA,0
16853_3#67,NA,NA,0
16853_3#68,0,NA,0
16853_3#69,0,NA,0
16853_3#70,NA,NA,0
16853_3#71,NA,NA,0
16853_3#72,0,NA,0
16853_3#81,NA,NA,0
16853_3#82,NA,NA,0
16853_3#83,NA,NA,0
16853_3#84,NA,NA,0
16853_3#85,NA,NA,0
16853_3#86,NA,NA,0
16853_3#87,NA,NA,0
16853_4#1,NA,NA,0
16853_4#10,NA,NA,0
16853_4#11,NA,NA,0
16853_4#12,NA,NA,0
16853_4#13,NA,NA,0
16853_4#14,NA,NA,0
16853_4#15,NA,NA,0
16853_4#16,NA,NA,0
16853_4#17,NA,NA,0
16853_4#18,NA,NA,0
16853_4#19,NA,NA,0
16853_4#2,0,NA,0
16853_4#20,NA,NA,0
16853_4#21,NA,NA,0
16853_4#22,NA,NA,0
16853_4#23,NA,NA,0
16853_4#24,NA,NA,0
16853_4#25,NA,NA,0
16853_4#26,NA,NA,0
16853_4#27,0,NA,0
16853_4#28,NA,NA,0
16853_4#29,NA,NA,0
16853_4#3,1,NA,0
16853_4#31,NA,NA,0
16853_4#32,NA,NA,0
16853_4#33,NA,NA,0
16853_4#34,NA,NA,0
16853_4#35,0,NA,0
16853_4#36,NA,NA,0
16853_4#37,NA,NA,0
16853_4#38,NA,NA,0
16853_4#39,NA,NA,0
16853_4#4,NA,NA,0
16853_4#40,NA,NA,0
16853_4#41,NA,NA,0
16853_4#42,NA,NA,0
16853_4#43,0,NA,0
16853_4#44,NA,NA,0
16853_4#45,NA,NA,0
16853_4#46,NA,NA,0
16853_4#47,NA,NA,0
16853_4#48,NA,NA,0
16853_4#49,NA,NA,0
16853_4#5,0,NA,0
16853_4#50,NA,NA,0
16853_4#51,NA,NA,0
16853_4#52,NA,NA,0
16853_4#53,NA,NA,0
16853_4#54,NA,NA,0
16853_4#55,0,NA,0
16853_4#6,0,NA,0
16853_4#7,0,NA,0
16853_4#8,NA,NA,0
16853_4#9,NA,NA,0
16933_2#1,NA,NA,0
16933_2#10,NA,NA,0
16933_2#11,NA,NA,0
16933_2#12,NA,NA,0
16933_2#13,NA,NA,0
16933_2#14,0,NA,0
16933_2#17,NA,NA,0
16933_2#18,NA,NA,0
16933_2#19,NA,NA,0
16933_2#2,NA,NA,0
16933_2#20,NA,NA,0
16933_2#21,NA,NA,0
16933_2#22,NA,NA,0
16933_2#25,0,0,0
16933_2#26,NA,NA,0
16933_2#28,NA,NA,0
16933_2#29,NA,NA,0
16933_2#3,NA,NA,0
16933_2#30,NA,NA,0
16933_2#31,NA,NA,0
16933_2#33,NA,NA,0
16933_2#34,NA,NA,0
16933_2#35,NA,NA,0
16933_2#36,NA,NA,0
16933_2#37,NA,NA,0
16933_2#38,NA,NA,0
16933_2#39,NA,NA,0
16933_2#4,NA,NA,0
16933_2#41,NA,NA,0
16933_2#42,NA,NA,0
16933_2#43,NA,NA,0
16933_2#44,NA,NA,0
16933_2#45,NA,NA,0
16933_2#46,0,NA,0
16933_2#47,NA,NA,0
16933_2#48,NA,NA,0
16933_2#49,NA,NA,0
16933_2#5,NA,NA,0
16933_2#50,NA,NA,0
16933_2#51,NA,NA,0
16933_2#52,NA,NA,0
16933_2#53,NA,NA,0
16933_2#54,NA,NA,0
16933_2#55,NA,NA,0
16933_2#56,NA,0,0
16933_2#58,0,NA,0
16933_2#59,NA,NA,0
16933_2#6,NA,NA,0
16933_2#60,NA,0,0
16933_2#61,NA,NA,0
16933_2#62,NA,NA,0
16933_2#65,NA,NA,0
16933_2#66,NA,NA,0
16933_2#67,NA,NA,0
16933_2#69,NA,NA,0
16933_2#7,NA,NA,0
16933_2#70,NA,NA,0
16933_2#71,NA,NA,0
16933_2#72,NA,NA,0
16933_2#73,NA,NA,0
16933_2#74,NA,NA,0
16933_2#75,NA,NA,0
16933_2#76,NA,NA,0
16933_2#77,NA,NA,0
16933_2#78,NA,NA,0
16933_2#79,NA,NA,0
16933_2#80,NA,NA,0
16933_2#81,NA,NA,0
16933_2#82,NA,NA,0
16933_2#83,NA,NA,0
16933_2#84,NA,NA,0
16933_2#85,0,0,0
16933_2#86,0,0,0
16933_2#87,0,0,0
16933_2#88,0,1,0
16933_2#89,0,0,0
16933_2#9,NA,NA,0
16933_2#90,0,0,0
16933_2#91,0,1,0
16933_2#92,0,1,0
16933_2#93,0,1,0
16933_3#1,0,0,0
16933_3#10,0,1,0
16933_3#11,0,0,0
16933_3#12,0,0,0
16933_3#13,0,0,0
16933_3#14,0,1,0
16933_3#15,0,1,0
16933_3#16,0,0,0
16933_3#17,0,0,0
16933_3#18,0,0,0
16933_3#19,0,1,0
16933_3#2,0,0,0
16933_3#20,0,1,0
16933_3#21,0,0,0
16933_3#22,0,0,0
16933_3#23,0,1,0
16933_3#24,0,0,0
16933_3#25,0,0,0
16933_3#26,0,1,0
16933_3#27,0,1,0
16933_3#28,0,1,0
16933_3#29,0,0,0
16933_3#3,0,1,0
16933_3#30,0,1,0
16933_3#31,0,1,0
16933_3#32,0,1,0
16933_3#33,0,0,0
16933_3#34,0,0,0
16933_3#35,0,1,0
16933_3#36,0,0,0
16933_3#37,0,0,0
16933_3#38,0,0,0
16933_3#39,0,0,0
16933_3#4,0,0,0
16933_3#40,0,0,0
16933_3#41,0,1,0
16933_3#42,0,1,0
16933_3#43,0,1,0
16933_3#44,0,1,0
16933_3#45,0,1,0
16933_3#46,0,1,0
16933_3#47,0,1,0
16933_3#48,0,1,0
16933_3#49,0,1,0
16933_3#5,0,0,0
16933_3#50,0,1,0
16933_3#51,0,1,0
16933_3#52,0,1,0
16933_3#53,0,1,0
16933_3#54,0,1,0
16933_3#55,0,1,0
16933_3#56,0,0,0
16933_3#57,0,1,0
16933_3#58,0,1,0
16933_3#59,0,1,0
16933_3#6,0,1,0
16933_3#60,0,1,0
16933_3#61,0,1,0
16933_3#62,0,1,0
16933_3#63,0,1,0
16933_3#64,0,0,0
16933_3#65,0,1,0
16933_3#66,0,1,0
16933_3#67,0,1,0
16933_3#68,0,1,0
16933_3#69,0,1,0
16933_3#7,0,0,0
16933_3#70,0,1,0
16933_3#71,0,1,0
16933_3#72,0,1,0
16933_3#73,0,0,0
16933_3#74,0,0,0
16933_3#75,0,0,0
16933_3#76,0,0,0
16933_3#77,0,1,0
16933_3#78,0,1,0
16933_3#79,0,0,0
16933_3#8,0,1,0
16933_3#80,0,1,0
16933_3#81,0,0,0
16933_3#82,1,1,0
16933_3#83,0,1,0
16933_3#84,1,1,0
16933_3#85,0,0,0
16933_3#86,NA,NA,0
16933_3#87,NA,NA,0
16933_3#88,NA,NA,0
16933_3#89,NA,NA,0
16933_3#9,0,0,0
16933_3#90,0,0,0
16933_3#91,0,0,0
16933_3#92,0,0,0
17059_3#69,NA,NA,0
17059_3#70,0,1,0
17059_3#72,NA,NA,0
17059_3#73,NA,NA,0
17059_3#74,NA,NA,0
17059_3#75,NA,NA,0
17059_3#76,NA,NA,0
17059_3#77,NA,NA,0
17059_3#78,NA,NA,0
17059_3#79,NA,NA,0
17059_3#80,NA,NA,0
17059_3#81,NA,NA,0
17059_3#82,NA,NA,0
17059_3#83,NA,NA,0
17059_3#84,NA,NA,0
17059_3#85,NA,NA,0
17059_3#86,NA,NA,0
17059_3#87,NA,NA,0
17059_3#88,NA,NA,0
17059_3#89,NA,NA,0
17059_3#90,NA,NA,0
17059_3#91,NA,NA,0
17059_3#92,NA,NA,0
17059_3#93,0,0,0
17138_1#1,0,1,0
17138_1#10,0,0,0
17138_1#11,0,1,0
17138_1#12,0,1,0
17138_1#13,0,0,0
17138_1#14,0,1,0
17138_1#15,0,0,0
17138_1#16,0,0,0
17138_1#17,0,0,0
17138_1#18,0,0,0
17138_1#19,0,1,0
17138_1#2,0,0,0
17138_1#20,0,1,0
17138_1#21,0,0,0
17138_1#22,0,1,0
17138_1#23,0,1,0
17138_1#24,0,0,0
17138_1#25,0,0,0
17138_1#26,1,1,0
17138_1#27,0,0,0
17138_1#28,0,1,0
17138_1#29,0,0,0
17138_1#3,0,0,0
17138_1#30,0,0,0
17138_1#31,0,0,0
17138_1#32,0,0,0
17138_1#33,0,0,0
17138_1#34,0,1,0
17138_1#35,0,1,0
17138_1#36,0,1,0
17138_1#37,0,0,0
17138_1#38,0,1,0
17138_1#39,0,1,0
17138_1#4,0,1,0
17138_1#40,0,1,0
17138_1#41,0,0,0
17138_1#42,0,1,0
17138_1#43,0,0,0
17138_1#44,0,1,0
17138_1#45,0,0,0
17138_1#46,0,0,0
17138_1#47,0,0,0
17138_1#48,0,1,0
17138_1#49,0,1,0
17138_1#5,0,0,0
17138_1#50,0,1,0
17138_1#51,0,0,0
17138_1#52,0,1,0
17138_1#53,0,1,0
17138_1#54,0,1,0
17138_1#55,0,0,0
17138_1#56,0,0,0
17138_1#57,0,0,0
17138_1#58,0,1,0
17138_1#59,0,0,0
17138_1#6,0,1,0
17138_1#60,0,1,0
17138_1#61,0,0,0
17138_1#62,0,1,0
17138_1#63,0,0,0
17138_1#64,0,0,0
17138_1#65,0,0,0
17138_1#66,0,1,0
17138_1#67,NA,NA,0
17138_1#68,NA,NA,0
17138_1#69,0,1,0
17138_1#7,0,0,0
17138_1#70,0,1,0
17138_1#71,0,1,0
17138_1#72,0,1,0
17138_1#73,0,1,0
17138_1#74,0,1,0
17138_1#75,NA,NA,0
17138_1#76,NA,NA,0
17138_1#77,NA,NA,0
17138_1#78,NA,NA,0
17138_1#79,NA,NA,0
17138_1#8,0,0,0
17138_1#80,NA,NA,0
17138_1#81,NA,0,0
17138_1#82,0,1,0
17138_1#83,0,1,0
17138_1#84,0,1,0
17138_1#85,0,1,0
17138_1#86,0,1,0
17138_1#87,0,0,0
17138_1#88,0,0,0
17138_1#89,0,1,0
17138_1#9,0,1,0
17138_1#90,0,1,0
17138_1#91,0,0,0
17138_1#92,0,0,0
17150_2#1,0,1,0
17150_2#10,0,0,0
17150_2#11,0,0,0
17150_2#12,0,0,0
17150_2#13,0,0,0
17150_2#14,0,0,0
17150_2#15,0,0,0
17150_2#16,0,0,0
17150_2#17,0,0,0
17150_2#18,0,0,0
17150_2#19,0,0,0
17150_2#2,0,1,0
17150_2#20,0,1,0
17150_2#21,0,0,0
17150_2#22,0,1,0
17150_2#23,0,1,0
17150_2#24,0,1,0
17150_2#25,0,0,0
17150_2#26,0,0,0
17150_2#27,0,0,0
17150_2#28,0,0,0
17150_2#29,0,0,0
17150_2#3,0,0,0
17150_2#30,0,0,0
17150_2#31,0,0,0
17150_2#32,0,0,0
17150_2#33,0,0,0
17150_2#34,0,0,0
17150_2#36,0,1,0
17150_2#37,0,0,0
17150_2#38,0,0,0
17150_2#39,0,1,0
17150_2#4,0,1,0
17150_2#40,0,1,0
17150_2#41,0,0,0
17150_2#42,0,0,0
17150_2#43,0,0,0
17150_2#44,0,0,0
17150_2#45,0,0,0
17150_2#46,0,0,0
17150_2#47,0,1,0
17150_2#48,0,1,0
17150_2#49,0,0,0
17150_2#5,0,0,0
17150_2#50,0,1,0
17150_2#51,0,1,0
17150_2#52,0,0,0
17150_2#53,0,0,0
17150_2#54,0,1,0
17150_2#55,0,0,0
17150_2#56,0,0,0
17150_2#57,0,0,0
17150_2#58,0,0,0
17150_2#59,0,1,0
17150_2#6,0,1,0
17150_2#60,0,1,0
17150_2#61,0,0,0
17150_2#62,0,0,0
17150_2#63,0,1,0
17150_2#64,0,1,0
17150_2#65,0,0,0
17150_2#66,0,0,0
17150_2#67,0,0,0
17150_2#68,0,0,0
17150_2#69,0,0,0
17150_2#7,0,1,0
17150_2#70,0,1,0
17150_2#71,0,0,0
17150_2#72,0,0,0
17150_2#73,0,1,0
17150_2#74,0,0,0
17150_2#75,0,1,0
17150_2#76,0,1,0
17150_2#77,0,0,0
17150_2#78,0,0,0
17150_2#79,0,1,0
17150_2#8,0,1,0
17150_2#80,0,1,0
17150_2#81,0,0,0
17150_2#82,0,0,0
17150_2#83,0,0,0
17150_2#84,0,0,0
17150_2#85,0,1,0
17150_2#86,0,1,0
17150_2#87,0,1,0
17150_2#88,0,0,0
17150_2#89,0,1,0
17150_2#9,0,1,0
17150_2#90,0,0,0
17150_2#91,0,0,0
17150_2#92,0,1,0
17150_2#93,0,1,0
17328_3#36,NA,NA,0
17328_3#37,NA,NA,0
17328_3#38,0,NA,0
17328_3#39,NA,NA,0
17328_3#40,NA,NA,0
17328_3#41,NA,NA,0
17328_3#42,NA,NA,0
17328_3#43,NA,NA,0
17328_3#44,NA,NA,0
17328_3#45,NA,NA,0
17328_3#46,NA,NA,0
17328_3#47,NA,NA,0
17328_3#48,NA,NA,0
17328_3#49,NA,NA,0
17328_3#50,NA,NA,0
17328_3#51,NA,NA,0
17328_3#52,NA,NA,0
17328_3#53,NA,NA,0
17328_3#54,NA,NA,0
17328_3#55,NA,NA,0
17328_3#56,NA,NA,0
17328_3#57,NA,NA,0
17328_3#58,NA,NA,0
17328_3#59,NA,NA,0
17328_3#60,NA,NA,0
17328_3#61,NA,NA,0
17328_3#62,NA,NA,0
17328_3#63,NA,NA,0
17328_3#64,NA,NA,0
17328_3#65,NA,NA,0
17328_3#66,NA,NA,0
17328_3#67,NA,NA,0
17328_3#68,NA,NA,0
17328_3#69,NA,NA,0
17328_3#70,NA,NA,0
17328_4#1,NA,NA,0
17328_4#10,NA,NA,0
17328_4#11,NA,NA,0
17328_4#12,NA,NA,0
17328_4#13,0,NA,0
17328_4#14,NA,NA,0
17328_4#15,0,NA,0
17328_4#16,NA,NA,0
17328_4#17,NA,NA,0
17328_4#18,NA,NA,0
17328_4#19,NA,NA,0
17328_4#2,NA,NA,0
17328_4#20,0,NA,0
17328_4#21,NA,NA,0
17328_4#22,0,NA,0
17328_4#23,NA,NA,0
17328_4#24,0,NA,0
17328_4#25,0,NA,0
17328_4#26,NA,NA,0
17328_4#27,NA,NA,0
17328_4#28,NA,NA,0
17328_4#29,NA,NA,0
17328_4#3,NA,NA,0
17328_4#30,NA,NA,0
17328_4#31,NA,NA,0
17328_4#32,NA,NA,0
17328_4#33,0,NA,0
17328_4#34,NA,NA,0
17328_4#35,NA,NA,0
17328_4#36,NA,NA,0
17328_4#37,NA,NA,0
17328_4#38,1,NA,0
17328_4#39,NA,NA,0
17328_4#4,NA,NA,0
17328_4#40,NA,NA,0
17328_4#41,0,NA,0
17328_4#42,NA,NA,0
17328_4#43,0,NA,0
17328_4#44,0,1,0
17328_4#45,0,0,0
17328_4#46,0,1,0
17328_4#47,0,0,0
17328_4#48,0,0,0
17328_4#49,0,0,0
17328_4#5,NA,NA,0
17328_4#50,0,0,0
17328_4#51,0,0,0
17328_4#52,0,0,0
17328_4#53,0,0,0
17328_4#54,0,0,0
17328_4#55,0,1,0
17328_4#56,0,1,0
17328_4#57,0,0,0
17328_4#58,0,0,0
17328_4#59,0,0,0
17328_4#6,NA,NA,0
17328_4#60,0,0,0
17328_4#61,0,1,0
17328_4#62,0,0,0
17328_4#63,0,1,0
17328_4#64,0,0,0
17328_4#65,0,0,0
17328_4#66,0,0,0
17328_4#67,0,0,0
17328_4#68,0,0,0
17328_4#69,0,0,0
17328_4#7,NA,NA,0
17328_4#70,0,0,0
17328_4#71,0,0,0
17328_4#72,0,0,0
17328_4#73,0,1,0
17328_4#74,0,1,0
17328_4#75,0,0,0
17328_4#76,0,0,0
17328_4#77,0,1,0
17328_4#78,0,0,0
17328_4#79,0,0,0
17328_4#8,NA,NA,0
17328_4#80,0,0,0
17328_4#81,0,0,0
17328_4#82,0,1,0
17328_4#9,NA,NA,0
17427_1#1,0,0,0
17427_1#10,0,0,0
17427_1#11,0,0,0
17427_1#12,0,1,0
17427_1#13,0,1,0
17427_1#14,0,1,0
17427_1#15,0,0,0
17427_1#16,0,0,0
17427_1#17,0,0,0
17427_1#18,0,0,0
17427_1#19,0,1,0
17427_1#2,0,1,0
17427_1#20,0,0,0
17427_1#21,0,1,0
17427_1#22,0,0,0
17427_1#23,0,0,0
17427_1#24,0,0,0
17427_1#25,0,1,0
17427_1#26,0,0,0
17427_1#27,0,0,0
17427_1#28,0,0,0
17427_1#29,0,0,0
17427_1#3,0,1,0
17427_1#30,0,1,0
17427_1#31,0,0,0
17427_1#32,0,0,0
17427_1#33,0,0,0
17427_1#34,0,0,0
17427_1#35,0,0,0
17427_1#36,0,1,0
17427_1#37,0,1,0
17427_1#38,0,0,0
17427_1#39,0,0,0
17427_1#4,0,1,0
17427_1#40,0,0,0
17427_1#41,0,0,0
17427_1#42,0,0,0
17427_1#43,0,0,0
17427_1#44,0,0,0
17427_1#45,0,0,0
17427_1#46,0,1,0
17427_1#47,0,1,0
17427_1#48,0,1,0
17427_1#49,0,0,0
17427_1#5,0,0,0
17427_1#50,0,0,0
17427_1#51,0,0,0
17427_1#52,0,0,0
17427_1#53,0,0,0
17427_1#54,0,0,0
17427_1#55,0,0,0
17427_1#56,0,0,0
17427_1#57,0,0,0
17427_1#58,0,0,0
17427_1#59,0,0,0
17427_1#6,0,0,0
17427_1#60,0,0,0
17427_1#61,0,0,0
17427_1#62,0,0,0
17427_1#63,0,0,0
17427_1#64,0,0,0
17427_1#65,0,0,0
17427_1#66,0,1,0
17427_1#67,0,NA,0
17427_1#68,0,NA,0
17427_1#69,NA,NA,0
17427_1#7,0,0,0
17427_1#70,NA,NA,0
17427_1#71,NA,NA,0
17427_1#72,NA,NA,0
17427_1#73,NA,NA,0
17427_1#74,NA,NA,0
17427_1#75,0,0,0
17427_1#76,0,0,0
17427_1#77,0,1,0
17427_1#78,0,0,0
17427_1#79,0,0,0
17427_1#8,0,1,0
17427_1#80,0,0,0
17427_1#81,0,0,0
17427_1#82,0,0,0
17427_1#83,0,0,0
17427_1#84,0,0,0
17427_1#85,0,0,0
17427_1#86,0,1,0
17427_1#87,0,0,0
17427_1#88,0,0,0
17427_1#89,0,1,0
17427_1#9,0,0,0
17427_1#90,0,0,0
17427_1#91,0,1,0
17427_1#92,0,0,0
17427_1#93,0,0,0
17427_1#94,0,0,0
17428_6#1,0,0,0
17428_6#10,0,0,0
17428_6#11,0,1,0
17428_6#12,0,0,0
17428_6#13,0,0,0
17428_6#14,0,1,0
17428_6#15,0,0,0
17428_6#16,0,0,0
17428_6#17,0,1,0
17428_6#18,0,0,0
17428_6#19,0,0,0
17428_6#2,0,0,0
17428_6#20,0,0,0
17428_6#21,0,1,0
17428_6#22,0,0,0
17428_6#23,0,1,0
17428_6#24,0,0,0
17428_6#25,0,0,0
17428_6#26,0,0,0
17428_6#27,0,0,0
17428_6#28,0,0,0
17428_6#29,0,0,0
17428_6#30,0,0,0
17428_6#31,0,0,0
17428_6#32,0,0,0
17428_6#33,0,1,0
17428_6#34,0,0,0
17428_6#35,0,1,0
17428_6#36,0,0,0
17428_6#37,0,0,0
17428_6#38,0,1,0
17428_6#39,0,0,0
17428_6#4,0,1,0
17428_6#40,0,0,0
17428_6#41,0,1,0
17428_6#42,0,0,0
17428_6#43,0,1,0
17428_6#44,0,1,0
17428_6#45,0,1,0
17428_6#46,0,0,0
17428_6#47,0,1,0
17428_6#48,0,1,0
17428_6#49,0,1,0
17428_6#5,0,0,0
17428_6#50,0,1,0
17428_6#51,0,1,0
17428_6#52,0,1,0
17428_6#53,0,1,0
17428_6#54,0,0,0
17428_6#55,0,0,0
17428_6#56,0,0,0
17428_6#57,0,0,0
17428_6#58,0,0,0
17428_6#59,0,1,0
17428_6#6,0,1,0
17428_6#60,0,0,0
17428_6#61,0,1,0
17428_6#62,0,0,0
17428_6#63,0,0,0
17428_6#64,0,1,0
17428_6#65,0,0,0
17428_6#66,0,1,0
17428_6#67,0,0,0
17428_6#68,0,1,0
17428_6#69,0,0,0
17428_6#7,0,1,0
17428_6#70,0,0,0
17428_6#71,0,0,0
17428_6#72,0,0,0
17428_6#73,0,1,0
17428_6#74,0,1,0
17428_6#75,0,1,0
17428_6#76,0,1,0
17428_6#77,0,0,0
17428_6#78,0,1,0
17428_6#79,0,1,0
17428_6#8,0,0,0
17428_6#80,0,1,0
17428_6#81,0,0,0
17428_6#82,0,1,0
17428_6#83,0,0,0
17428_6#84,0,0,0
17428_6#85,0,1,0
17428_6#86,0,0,0
17428_6#87,0,1,0
17428_6#88,0,1,0
17428_6#89,0,1,0
17428_6#9,0,0,0
17428_6#90,0,0,0
17428_7#1,0,1,0
17428_7#10,0,0,0
17428_7#11,0,1,0
17428_7#12,0,0,0
17428_7#13,0,1,0
17428_7#14,0,0,0
17428_7#15,0,1,0
17428_7#16,0,1,0
17428_7#17,0,0,0
17428_7#18,0,0,0
17428_7#19,0,0,0
17428_7#2,0,1,0
17428_7#20,0,0,0
17428_7#21,0,1,0
17428_7#22,0,0,0
17428_7#23,0,1,0
17428_7#24,0,1,0
17428_7#25,0,1,0
17428_7#26,0,0,0
17428_7#27,0,1,0
17428_7#28,0,0,0
17428_7#29,0,1,0
17428_7#3,0,1,0
17428_7#30,0,1,0
17428_7#31,0,0,0
17428_7#32,0,0,0
17428_7#33,0,0,0
17428_7#34,0,1,0
17428_7#35,0,1,0
17428_7#36,0,0,0
17428_7#37,0,0,0
17428_7#38,1,1,0
17428_7#39,1,1,0
17428_7#4,0,0,0
17428_7#40,0,1,0
17428_7#41,0,1,0
17428_7#42,0,0,0
17428_7#43,0,0,0
17428_7#44,0,0,0
17428_7#45,0,0,0
17428_7#46,0,0,0
17428_7#47,0,0,0
17428_7#48,0,0,0
17428_7#49,0,0,0
17428_7#5,0,0,0
17428_7#50,1,1,0
17428_7#51,0,1,0
17428_7#52,0,1,0
17428_7#53,0,1,0
17428_7#54,0,1,0
17428_7#55,0,1,0
17428_7#56,0,1,0
17428_7#57,0,1,0
17428_7#58,0,1,0
17428_7#59,0,0,0
17428_7#6,0,0,0
17428_7#60,0,1,0
17428_7#61,0,0,0
17428_7#62,0,0,0
17428_7#63,0,1,0
17428_7#64,0,0,0
17428_7#65,0,1,0
17428_7#66,1,1,0
17428_7#67,0,0,0
17428_7#68,0,0,0
17428_7#69,0,1,0
17428_7#7,0,0,0
17428_7#70,0,1,0
17428_7#71,0,0,0
17428_7#72,0,1,0
17428_7#73,0,0,0
17428_7#74,0,1,0
17428_7#75,0,1,0
17428_7#76,0,0,0
17428_7#77,0,1,0
17428_7#78,0,1,0
17428_7#79,0,0,0
17428_7#8,0,1,0
17428_7#80,0,1,0
17428_7#81,0,0,0
17428_7#82,0,1,0
17428_7#83,0,1,0
17428_7#84,0,1,0
17428_7#85,0,0,0
17428_7#86,0,1,0
17428_7#87,0,1,0
17428_7#88,0,1,0
17428_7#89,0,0,0
17428_7#9,0,1,0
17428_7#90,0,1,0
17651_3#1,0,1,0
17651_3#10,0,1,0
17651_3#11,0,0,0
17651_3#12,0,1,0
17651_3#13,0,1,0
17651_3#14,0,1,0
17651_3#15,0,0,0
17651_3#16,0,0,0
17651_3#17,0,1,0
17651_3#18,0,1,0
17651_3#19,0,1,0
17651_3#2,0,0,0
17651_3#20,0,0,0
17651_3#21,0,0,0
17651_3#22,0,0,0
17651_3#23,0,0,0
17651_3#24,0,0,0
17651_3#25,0,1,0
17651_3#26,0,0,0
17651_3#27,0,0,0
17651_3#28,0,1,0
17651_3#29,0,0,0
17651_3#3,0,1,0
17651_3#30,0,0,0
17651_3#31,0,0,0
17651_3#32,0,0,0
17651_3#33,0,1,0
17651_3#34,0,0,0
17651_3#35,0,0,0
17651_3#36,0,0,0
17651_3#37,0,0,0
17651_3#38,0,0,0
17651_3#39,0,1,0
17651_3#4,0,1,0
17651_3#40,0,0,0
17651_3#41,0,0,0
17651_3#42,0,1,0
17651_3#43,0,1,0
17651_3#44,0,1,0
17651_3#45,0,0,0
17651_3#46,0,0,0
17651_3#47,0,0,0
17651_3#48,0,1,0
17651_3#49,0,0,0
17651_3#5,0,1,0
17651_3#50,0,1,0
17651_3#51,0,1,0
17651_3#52,0,1,0
17651_3#53,0,0,0
17651_3#54,0,1,0
17651_3#6,0,1,0
17651_3#7,0,1,0
17651_3#8,0,0,0
17651_3#9,0,0,0
17794_3#45,0,0,0
17794_3#46,0,0,0
17794_3#47,0,0,0
17794_3#48,0,0,0
17794_3#49,0,1,0
18090_3#36,NA,NA,0
18090_3#38,0,1,0
18090_3#39,0,1,0
18090_3#40,0,1,0
18090_3#41,NA,NA,0
18090_3#42,0,NA,0
18090_3#43,NA,NA,0
18090_3#44,NA,NA,0
18090_3#45,NA,NA,0
18090_3#46,NA,NA,0
18090_3#47,NA,NA,0
18090_3#48,NA,NA,0
18090_3#49,NA,NA,0
18090_3#50,NA,NA,0
18090_3#51,NA,NA,0
18090_3#52,NA,NA,0
18090_3#53,0,NA,0
18090_3#54,NA,NA,0
18090_3#55,0,0,0
18090_3#56,NA,NA,0
18090_3#57,NA,0,0
18090_3#58,NA,NA,0
18090_3#59,NA,NA,0
18090_3#60,NA,NA,0
18090_3#61,NA,NA,0
18090_3#62,NA,NA,0
18623_5#41,0,1,0
SRR3361307,0,0,0
SRR3361308,0,0,0
SRR3357011,0,1,0
SRR3361310,0,1,0
SRR3361311,0,1,0
SRR3361312,0,1,0
SRR3349516,0,1,0
SRR3361313,0,0,0
SRR3361314,0,1,0
SRR3361315,0,0,0
SRR3349518,0,1,0
SRR3360913,0,0,0
SRR3361317,0,0,0
SRR3361318,0,0,0
SRR3361320,0,0,0
SRR3361321,0,1,0
SRR3360917,0,0,0
SRR3361322,0,0,0
SRR3349526,0,0,0
SRR3360921,0,0,0
SRR3361324,0,1,0
SRR3360924,0,0,0
SRR3361325,0,1,0
SRR3361326,0,0,0
SRR3360926,0,0,0
SRR3349538,0,1,0
SRR3360930,0,1,0
SRR3361328,0,0,0
SRR3361329,0,1,0
SRR3361332,0,0,0
SRR3361333,0,0,0
SRR3361336,0,1,NA
SRR3361337,0,1,0
SRR3357028,0,1,0
SRR3360936,0,0,0
SRR3349544,0,0,0
SRR3361338,0,0,0
SRR3360939,0,0,0
SRR3361340,0,0,0
SRR3361341,0,1,0
SRR3361342,0,1,0
SRR3349546,0,1,0
SRR3361343,0,0,0
SRR3361344,0,1,0
SRR3361345,0,0,0
SRR3361346,0,1,0
SRR3361347,0,1,NA
SRR3360943,0,0,NA
SRR3360944,0,1,NA
SRR3361349,0,0,NA
SRR3361350,0,0,NA
SRR3361351,0,1,NA
SRR3349554,0,0,NA
SRR3357077,0,0,NA
SRR3360947,0,0,NA
SRR3349557,0,0,NA
SRR3361352,0,0,NA
SRR3360949,0,1,NA
SRR3361353,0,0,NA
SRR3361354,0,1,NA
SRR3361355,0,0,NA
SRR3361356,0,1,NA
SRR3360605,0,1,NA
SRR3360606,0,1,NA
SRR3360950,0,0,NA
SRR3349563,0,0,NA
SRR3360607,0,0,NA
SRR3360953,0,0,NA
SRR3360608,0,0,NA
SRR3360609,0,0,NA
SRR3360610,0,1,NA
SRR3360612,0,1,NA
SRR3360613,0,0,NA
SRR3360614,0,1,NA
SRR3349568,0,1,NA
SRR3360615,0,1,NA
SRR3349573,0,1,NA
SRR3360616,0,1,NA
SRR3360617,0,1,NA
SRR3360618,0,1,NA
SRR3360619,0,1,NA
SRR3349577,0,0,NA
SRR3360622,0,1,NA
SRR3360964,0,0,NA
SRR3360624,0,1,NA
SRR3360625,0,1,NA
SRR3360967,0,0,NA
SRR3360970,0,1,NA
SRR3360627,0,1,NA
SRR3360628,0,1,NA
SRR3357157,0,1,NA
SRR3360629,0,1,NA
SRR3360630,0,0,NA
SRR3360632,0,1,NA
SRR3360980,0,1,NA
SRR3360633,0,1,NA
SRR3360634,0,1,NA
SRR3357160,0,0,NA
SRR3360981,0,0,NA
SRR3360982,0,0,NA
SRR3360983,0,1,NA
SRR3360635,0,0,NA
SRR3360984,0,1,NA
SRR3360636,0,0,NA
SRR3360637,0,1,NA
SRR3360638,0,0,NA
SRR3360639,0,1,NA
SRR3360991,0,0,NA
SRR3360640,0,0,NA
SRR3360641,0,1,NA
SRR3360642,0,0,NA
SRR3360993,0,0,NA
SRR3360644,0,1,NA
SRR3360645,0,1,NA
SRR3360646,0,0,NA
SRR3360647,0,0,NA
SRR3360648,0,1,NA
SRR3360649,0,1,NA
SRR3360650,0,0,NA
SRR3360651,0,1,NA
SRR3349601,0,1,NA
SRR3360652,0,1,NA
SRR3360766,0,0,NA
SRR3360653,0,0,NA
SRR3360654,0,0,NA
SRR3360771,0,0,NA
SRR3360772,0,1,NA
SRR3360774,0,1,NA
SRR3357181,0,1,NA
SRR3360658,0,1,NA
SRR3360659,0,1,NA
SRR3357186,0,1,NA
SRR3360810,0,0,NA
SRR3360811,0,0,NA
SRR3360661,0,0,NA
SRR3360662,0,0,NA
SRR3349615,0,1,NA
SRR3360813,0,1,NA
SRR3360663,0,0,NA
SRR3360664,0,1,NA
SRR3360665,0,0,NA
SRR3360667,0,1,NA
SRR3360669,0,0,NA
SRR3360670,0,0,NA
SRR3360671,0,1,NA
SRR3357191,0,1,NA
SRR3360672,0,1,NA
SRR3357192,0,1,NA
SRR3360674,0,1,NA
SRR3360827,0,0,NA
SRR3360829,0,0,NA
SRR3357194,0,1,NA
SRR3360675,0,1,NA
SRR3360832,0,0,NA
SRR3360677,0,0,NA
SRR3360678,0,1,NA
SRR3360679,0,0,NA
SRR3360680,0,1,NA
SRR3360681,0,1,NA
SRR3360836,0,0,NA
SRR3360683,0,0,NA
SRR3360684,0,1,NA
SRR3360685,0,0,NA
SRR3360686,0,1,NA
SRR3360687,0,0,NA
SRR3360688,1,0,NA
SRR3357229,0,0,NA
SRR3360689,0,0,NA
SRR3357246,0,0,NA
SRR3360690,0,0,NA
SRR3360691,0,1,NA
SRR3360692,0,0,NA
SRR3360693,0,1,NA
SRR3360846,0,1,NA
SRR3360694,0,1,NA
SRR3360696,0,0,NA
SRR3360697,0,1,NA
SRR3357252,0,1,NA
SRR3360698,0,1,NA
SRR3349658,0,0,NA
SRR3360700,0,0,NA
SRR3360851,0,1,NA
SRR3360701,0,0,NA
SRR3360702,0,1,NA
SRR3360703,0,1,NA
SRR3360854,0,0,NA
SRR3360704,0,1,NA
SRR3360705,0,0,NA
SRR3357260,0,0,NA
SRR3360706,0,0,NA
SRR3360707,0,1,NA
SRR3360708,1,0,NA
SRR3357263,0,1,NA
SRR3360709,0,1,NA
SRR3360710,0,0,NA
SRR3360711,0,1,NA
SRR3357264,0,0,NA
SRR3360712,0,1,NA
SRR3360713,0,1,NA
SRR3360714,0,1,NA
SRR3360867,0,1,NA
SRR3349673,0,1,NA
SRR3360715,0,0,NA
SRR3360716,0,1,NA
SRR3360717,1,0,NA
SRR3360718,0,1,NA
SRR3360872,0,0,NA
SRR3360719,0,1,NA
SRR3360720,0,1,NA
SRR3360721,0,0,NA
SRR3349688,0,1,NA
SRR3357288,0,1,NA
SRR3360722,0,0,NA
SRR3357289,0,1,NA
SRR3360876,0,0,NA
SRR3360723,0,1,NA
SRR3357305,0,0,NA
SRR3360883,0,0,NA
SRR3360725,0,0,NA
SRR3360726,0,0,NA
SRR3360727,0,0,NA
SRR3360728,0,1,NA
SRR3360729,0,0,NA
SRR3360730,0,0,NA
SRR3360731,0,1,NA
SRR3360889,0,1,NA
SRR3360733,0,1,NA
SRR3360734,0,0,NA
SRR3360735,0,0,NA
SRR3360736,0,1,NA
SRR3360890,0,0,NA
SRR3360737,0,0,NA
SRR3360738,0,1,NA
SRR3357314,0,1,NA
SRR3360740,0,0,NA
SRR3360893,0,1,NA
SRR3360743,0,1,NA
SRR3360745,0,0,NA
SRR3349726,0,0,NA
SRR3360746,0,0,NA
SRR3360747,0,0,NA
SRR3360748,0,1,NA
SRR3360749,0,0,NA
SRR3360750,0,1,NA
SRR3360751,0,1,NA
SRR3360752,0,1,NA
SRR3360753,0,1,NA
SRR3360754,0,0,NA
SRR3360755,0,1,NA
10356_1#1,0,0,0
10356_1#10,0,0,0
10356_1#11,0,1,0
10356_1#12,0,0,0
10356_1#15,0,1,0
10356_1#16,0,0,0
10356_1#17,0,0,0
10356_1#18,0,0,0
10356_1#19,0,0,0
10356_1#2,0,0,0
10356_1#21,0,1,0
10356_1#22,0,0,0
10356_1#23,0,0,0
10356_1#24,0,0,0
10356_1#25,0,0,0
10356_1#26,0,0,0
10356_1#27,0,0,0
10356_1#28,0,0,0
10356_1#29,0,0,0
10356_1#3,0,0,0
10356_1#30,0,0,0
10356_1#31,0,0,0
10356_1#32,0,0,0
10356_1#33,0,0,0
10356_1#34,0,0,0
10356_1#35,0,0,0
10356_1#36,0,0,0
10356_1#37,0,0,0
10356_1#38,0,0,0
10356_1#39,0,0,0
10356_1#4,0,0,0
10356_1#40,0,0,0
10356_1#41,0,0,0
10356_1#42,0,0,0
10356_1#43,0,0,0
10356_1#44,0,0,0
10356_1#45,0,0,0
10356_1#46,0,0,0
10356_1#47,0,0,0
10356_1#48,0,0,0
10356_1#49,0,0,0
10356_1#5,0,0,0
10356_1#50,0,0,0
10356_1#51,0,0,0
10356_1#52,0,0,0
10356_1#53,0,0,0
10356_1#54,0,0,0
10356_1#55,0,0,0
10356_1#56,0,0,0
10356_1#57,0,0,0
10356_1#58,0,0,0
10356_1#59,0,0,0
10356_1#6,0,0,0
10356_1#60,0,0,0
10356_1#61,0,0,0
10356_1#62,0,0,0
10356_1#63,0,0,0
10356_1#64,0,0,0
10356_1#66,0,0,0
10356_1#67,0,0,0
10356_1#68,0,0,0
10356_1#69,0,0,0
10356_1#7,0,0,0
10356_1#70,0,0,0
10356_1#71,0,0,0
10356_1#72,0,0,0
10356_1#73,0,0,0
10356_1#74,0,0,0
10356_1#75,0,0,0
10356_1#76,0,0,0
10356_1#77,0,0,0
10356_1#78,0,0,0
10356_1#79,0,0,0
10356_1#8,0,0,0
10356_1#80,0,0,0
10356_1#81,0,0,0
10356_1#82,0,0,0
10356_1#83,0,0,0
10356_1#84,0,1,0
10356_1#85,0,0,0
10356_1#86,0,0,0
10356_1#87,0,0,0
10356_1#88,0,1,0
10356_1#89,0,1,0
10356_1#9,0,0,0
10356_1#90,0,0,0
10356_1#91,0,0,0
10356_1#92,0,0,0
10356_1#93,0,0,0
10356_1#94,0,0,0
10625_6#1,0,0,0
10625_6#10,0,1,0
10625_6#12,0,1,0
10625_6#13,0,1,0
10625_6#14,0,1,0
10625_6#15,0,0,0
10625_6#16,0,1,0
10625_6#17,0,1,0
10625_6#18,0,1,0
10625_6#19,0,1,0
10625_6#2,0,1,0
10625_6#21,0,0,0
10625_6#22,0,0,0
10625_6#23,0,0,0
10625_6#24,0,0,0
10625_6#25,0,0,0
10625_6#26,0,0,0
10625_6#27,0,0,0
10625_6#28,0,0,0
10625_6#29,0,1,0
10625_6#3,0,0,0
10625_6#30,0,1,0
10625_6#32,0,0,0
10625_6#33,0,0,0
10625_6#34,0,1,0
10625_6#35,0,1,0
10625_6#36,1,1,0
10625_6#37,0,1,0
10625_6#38,0,1,0
10625_6#39,0,1,0
10625_6#4,0,0,0
10625_6#40,0,0,0
10625_6#41,0,0,0
10625_6#44,0,0,0
10625_6#45,0,1,0
10625_6#46,0,0,0
10625_6#47,0,0,0
10625_6#48,0,1,0
10625_6#49,0,1,0
10625_6#5,0,0,0
10625_6#50,0,0,0
10625_6#51,0,1,0
10625_6#52,0,1,0
10625_6#53,0,1,0
10625_6#54,0,0,0
10625_6#55,0,1,0
10625_6#56,0,1,0
10625_6#57,0,1,0
10625_6#58,0,0,0
10625_6#59,0,0,0
10625_6#6,0,1,0
10625_6#60,0,1,0
10625_6#61,0,1,0
10625_6#62,0,0,0
10625_6#63,0,0,0
10625_6#64,0,0,0
10625_6#65,0,1,0
10625_6#66,0,1,0
10625_6#67,0,1,0
10625_6#68,0,1,0
10625_6#69,0,0,0
10625_6#7,0,1,0
10625_6#70,0,0,0
10625_6#71,0,1,0
10625_6#72,0,1,0
10625_6#73,0,1,0
10625_6#74,0,0,0
10625_6#75,0,1,0
10625_6#76,0,0,0
10625_6#77,1,1,0
10625_6#78,0,0,0
10625_6#79,0,0,0
10625_6#8,0,1,0
10625_6#80,0,1,0
10625_6#81,0,1,0
10625_6#82,0,1,0
10625_6#83,0,1,0
10625_6#84,0,0,0
10625_6#85,0,1,0
10625_6#86,0,0,0
10625_6#87,0,0,0
10625_6#88,0,0,0
10625_6#89,0,0,0
10625_6#9,0,1,0
10625_6#90,0,1,0
10625_6#91,0,1,0
10625_6#92,0,1,0
10625_6#93,0,1,0
10625_6#94,0,1,0
10625_6#95,0,1,0
10868_8#1,0,1,0
10868_8#10,0,1,0
10868_8#11,0,0,0
10868_8#12,0,1,0
10868_8#15,0,0,0
10868_8#16,0,0,0
10868_8#17,0,0,0
10868_8#18,0,1,0
10868_8#19,0,1,0
10868_8#2,0,1,0
10868_8#20,0,0,0
10868_8#21,0,0,0
10868_8#22,0,0,0
10868_8#23,0,0,0
10868_8#24,0,0,0
10868_8#27,0,0,0
10868_8#28,0,1,0
10868_8#29,0,1,0
10868_8#3,0,1,0
10868_8#30,0,1,0
10868_8#31,0,1,0
10868_8#32,0,1,0
10868_8#33,0,1,0
10868_8#34,0,0,0
10868_8#35,0,1,0
10868_8#37,0,1,0
10868_8#38,0,1,0
10868_8#39,0,1,0
10868_8#40,0,0,0
10868_8#41,0,0,0
10868_8#42,0,0,0
10868_8#43,0,0,0
10868_8#44,0,0,0
10868_8#45,0,0,0
10868_8#46,0,0,0
10868_8#47,0,0,0
10868_8#48,0,0,0
10868_8#49,0,0,0
10868_8#5,0,0,0
10868_8#50,0,0,0
10868_8#51,0,0,0
10868_8#52,0,0,0
10868_8#53,0,0,0
10868_8#54,0,1,0
10868_8#55,0,1,0
10868_8#56,0,1,0
10868_8#57,0,0,0
10868_8#58,0,1,0
10868_8#59,0,0,0
10868_8#6,0,1,0
10868_8#60,0,0,0
10868_8#61,0,0,0
10868_8#62,0,1,0
10868_8#63,0,0,0
10868_8#64,0,0,0
10868_8#66,0,0,0
10868_8#67,0,0,0
10868_8#68,0,0,0
10868_8#69,0,0,0
10868_8#7,0,0,0
10868_8#70,0,1,0
10868_8#71,0,0,0
10868_8#72,0,0,0
10868_8#73,0,1,0
10868_8#74,1,0,0
10868_8#75,0,0,0
10868_8#76,0,1,0
10868_8#77,0,0,0
10868_8#78,0,0,0
10868_8#79,0,1,0
10868_8#8,0,1,0
10868_8#80,0,0,0
10868_8#81,0,0,0
10868_8#82,0,1,0
10868_8#83,0,0,0
10868_8#84,0,1,0
10868_8#85,0,0,0
10868_8#87,0,1,0
10868_8#88,0,0,0
10868_8#89,0,0,0
10868_8#9,0,1,0
10868_8#90,0,1,0
10868_8#91,0,1,0
10868_8#92,0,0,0
10868_8#93,0,0,0
10868_8#94,0,1,0
10868_8#95,0,1,0
10900_8#1,0,0,0
10900_8#10,0,1,0
10900_8#11,0,1,0
10900_8#12,0,0,0
10900_8#13,0,1,0
10900_8#14,0,1,0
10900_8#15,0,1,0
10900_8#16,0,1,0
10900_8#17,0,1,0
10900_8#18,0,1,0
10900_8#19,0,0,0
10900_8#2,0,0,0
10900_8#20,0,1,0
10900_8#21,0,0,0
10900_8#22,0,0,0
10900_8#23,0,1,0
10900_8#24,0,1,0
10900_8#25,0,1,0
10900_8#26,0,0,0
10900_8#27,0,0,0
10900_8#28,0,0,0
10900_8#29,0,0,0
10900_8#3,0,0,0
10900_8#30,0,1,0
10900_8#31,0,1,0
10900_8#32,0,0,0
10900_8#33,0,1,0
10900_8#34,0,1,0
10900_8#35,0,1,0
10900_8#37,0,1,0
10900_8#38,0,0,0
10900_8#39,0,1,0
10900_8#40,0,0,0
10900_8#41,1,0,0
10900_8#42,0,1,0
10900_8#43,0,1,0
10900_8#44,1,1,0
10900_8#45,0,0,0
10900_8#48,0,1,0
10900_8#49,0,0,0
10900_8#5,0,1,0
10900_8#50,0,0,0
10900_8#51,0,0,0
10900_8#52,0,0,0
10900_8#53,0,0,0
10900_8#54,0,0,0
10900_8#55,0,1,0
10900_8#56,0,1,0
10900_8#57,0,0,0
10900_8#58,0,1,0
10900_8#59,0,0,0
10900_8#6,0,1,0
10900_8#60,0,0,0
10900_8#61,0,0,0
10900_8#62,0,1,0
10900_8#63,0,1,0
10900_8#64,0,0,0
10900_8#65,0,0,0
10900_8#66,0,0,0
10900_8#67,0,0,0
10900_8#68,0,0,0
10900_8#69,0,0,0
10900_8#7,0,1,1
10900_8#70,0,0,0
10900_8#71,0,1,0
10900_8#72,0,0,0
10900_8#73,0,0,0
10900_8#74,0,0,0
10900_8#75,0,0,0
10900_8#76,0,0,0
10900_8#77,0,0,0
10900_8#78,0,0,0
10900_8#79,0,0,0
10900_8#80,0,0,0
10900_8#81,0,0,0
11792_4#11,0,1,0
11792_4#12,0,1,0
11792_4#13,0,1,0
11792_4#14,0,1,0
11792_4#15,0,1,0
11792_4#2,0,1,0
11792_4#26,0,0,0
11792_4#27,0,0,0
11792_4#28,0,0,0
11792_4#29,0,0,0
11792_4#3,0,0,0
11792_4#30,0,0,0
11792_4#32,0,0,0
11792_4#33,0,0,0
11792_4#34,0,0,0
11792_4#35,0,0,0
11792_4#36,0,0,0
11792_4#37,0,0,0
11792_4#38,0,0,0
11792_4#39,0,0,0
11792_4#4,0,0,0
11792_4#40,0,0,0
11792_4#41,0,0,0
11792_4#42,0,0,0
11792_4#44,0,0,0
11792_4#45,0,0,0
11792_4#46,0,0,0
11792_4#47,0,0,0
11792_4#48,0,0,0
11792_4#49,0,0,0
11792_4#5,0,0,0
11792_4#50,0,0,0
11792_4#51,0,0,0
11792_4#52,0,0,0
11792_4#53,0,0,0
11792_4#54,0,0,0
11792_4#55,0,0,0
11792_4#56,0,0,0
11792_4#57,0,0,0
11792_4#58,0,0,0
11792_4#59,0,0,0
11792_4#6,0,1,0
11792_4#60,0,0,0
11792_4#61,0,1,0
11792_4#62,0,0,0
11792_4#63,0,0,0
11792_4#64,0,0,0
11792_4#69,0,1,0
11792_4#70,0,0,0
11792_4#71,0,0,0
11792_4#72,0,0,0
11792_4#73,0,0,0
12045_8#76,0,0,0
12045_8#77,0,1,1
12045_8#78,0,0,0
12082_1#19,0,1,0
12082_1#20,0,1,0
12082_1#21,1,1,0
12082_1#22,0,0,0
12273_1#63,0,0,0
12273_1#64,0,0,0
8289_2#1,0,1,0
8289_2#2,0,1,0
8289_2#3,0,1,0
8289_2#4,0,1,0
8289_2#5,0,1,0
8289_2#6,0,1,0
8289_2#7,0,1,0
8289_2#8,0,0,0
8289_2#9,0,0,0
8289_2#10,0,0,0
8289_2#12,0,0,0
9716_3#43,0,0,0
8289_2#14,0,0,0
9716_3#44,0,0,0
9716_3#45,0,0,0
8289_2#17,0,1,0
8289_2#18,1,0,0
8289_2#19,0,1,0
8289_2#20,0,1,0
8289_2#21,0,1,0
8289_2#22,0,1,0
8289_2#23,0,1,0
8289_2#24,0,1,0
15335_5#75,0,1,0
8289_2#26,0,1,0
8289_2#27,0,1,0
8289_2#28,0,1,0
15335_5#76,0,1,0
8289_2#30,0,1,0
8289_2#31,0,1,0
8289_2#32,0,1,0
8289_2#33,0,1,0
8289_2#34,0,1,0
8289_2#35,0,1,0
8289_2#36,0,1,0
8289_2#37,0,1,0
8289_2#38,1,0,0
8289_2#39,0,1,0
8289_2#40,0,1,0
8289_2#41,0,1,0
8289_2#42,0,1,0
8289_2#43,0,1,0
8289_2#44,0,1,0
8289_2#45,0,1,0
8289_2#46,0,1,0
8289_2#47,0,1,0
8289_2#49,0,1,0
8289_2#50,0,0,0
8289_2#51,0,1,0
8289_2#52,0,1,0
8289_2#53,0,1,0
8289_2#54,0,1,0
8289_2#55,0,1,0
8289_2#56,0,1,0
8289_2#57,0,1,0
8289_2#58,0,1,0
8289_2#59,0,1,0
8289_2#60,0,1,0
15335_5#84,0,1,0
8289_2#62,0,1,0
8289_2#63,0,1,0
8289_2#64,0,0,0
8289_2#65,0,1,0
8289_2#66,0,1,0
8289_2#67,0,1,0
8289_2#68,0,1,0
8289_2#69,0,1,0
8289_2#70,0,1,0
8289_2#71,0,0,0
8289_2#72,0,0,0
8289_2#73,0,0,0
8289_2#74,0,0,0
8289_2#75,0,1,0
8289_2#76,0,1,0
8289_2#77,0,1,0
8289_2#78,0,1,0
8289_2#79,0,1,0
8289_2#80,0,1,0
8289_2#81,0,1,0
8289_2#82,0,1,0
8289_2#83,0,0,0
8289_2#84,0,0,0
8289_2#85,0,1,0
8289_2#86,0,1,0
8289_2#87,0,1,0
8289_2#88,0,1,0
8289_2#89,0,1,0
8289_2#90,0,0,0
8289_2#91,0,1,0
8289_2#92,0,0,0
8289_2#93,0,1,0
8289_2#94,0,1,0
8289_2#95,0,1,0
8289_2#96,1,0,0
8727_8#1,0,1,0
8727_8#2,1,0,0
8727_8#3,0,1,0
8727_8#4,0,0,0
8727_8#5,0,1,0
8727_8#6,1,1,0
8727_8#7,0,1,0
8727_8#8,1,1,0
8727_8#9,0,1,0
8727_8#10,1,0,0
8727_8#11,0,1,0
8727_8#12,0,1,0
8727_8#13,0,1,0
8289_2#11,0,0,0
8727_8#14,1,0,0
8727_8#15,0,1,0
9716_3#90,0,1,0
8727_8#17,0,1,0
8727_8#18,0,1,0
8727_8#19,0,1,0
8727_8#20,0,1,0
8727_8#21,0,1,0
8727_8#22,1,0,0
8727_8#23,0,1,0
8727_8#24,1,0,0
8727_8#25,0,1,0
8727_8#26,0,1,0
8727_8#27,0,1,0
8727_8#28,0,1,0
8727_8#29,0,1,0
8727_8#30,0,0,0
8727_8#31,0,1,0
8727_8#32,1,0,0
8727_8#33,0,1,0
8727_8#34,0,1,0
8727_8#35,0,1,0
8727_8#36,0,1,0
15335_5#95,0,1,0
8727_8#38,0,1,0
8727_8#39,0,1,0
8727_8#40,1,0,0
8727_8#41,0,1,0
8727_8#42,1,0,0
8727_8#43,0,1,0
15335_4#53,0,1,0
8727_8#45,0,1,0
8727_8#46,0,0,0
8727_8#47,0,1,0
8727_8#48,0,0,0
8727_8#49,0,1,0
8727_8#50,0,0,0
8727_8#51,0,1,0
15335_5#86,0,1,0
8727_8#53,0,0,0
8727_8#54,0,1,0
8727_8#55,0,1,0
8727_8#56,0,1,0
8727_8#57,0,0,0
15335_5#85,0,1,0
8727_8#59,0,1,0
8727_8#60,1,0,0
8727_8#61,0,1,0
8727_8#62,0,1,0
15335_6#46,0,1,0
8727_8#64,0,1,0
8727_8#65,0,0,0
8727_8#66,0,0,0
8727_8#67,0,1,0
8727_8#68,0,1,0
8727_8#69,0,1,0
8727_8#70,0,1,0
8727_8#71,0,0,0
8727_8#72,0,1,0
8727_8#73,0,0,0
8727_8#74,0,1,0
8727_8#75,0,0,0
8727_8#76,0,0,0
8727_8#77,0,0,0
8727_8#78,1,0,0
8727_8#79,0,0,0
8727_8#80,1,0,0
8727_8#81,0,1,0
8727_8#82,0,1,0
8727_8#83,0,1,0
8727_8#84,0,1,0
8727_8#85,0,1,0
8727_8#86,0,1,0
8727_8#87,0,1,0
8727_8#88,0,1,0
8727_8#89,0,1,0
8727_8#90,0,1,0
8727_8#91,0,1,0
8727_8#92,0,0,0
8727_8#93,0,1,0
8727_8#94,0,1,0
8727_8#95,0,0,0
8727_8#96,0,0,0
8727_5#43,0,0,0
8727_5#44,0,1,0
8727_5#45,0,1,0
8727_5#46,0,1,0
8727_5#47,0,0,0
8727_5#48,1,0,0
8727_5#49,0,0,0
8727_5#50,0,0,0
8727_5#51,0,0,0
8727_5#52,1,0,0
8727_5#53,0,0,0
8727_5#54,1,0,0
8727_5#55,0,1,0
8727_5#56,0,1,0
8727_5#57,0,0,0
8727_5#58,0,1,0
8727_5#59,0,0,0
8727_5#60,0,0,0
8727_5#61,0,0,0
8727_5#62,0,0,0
8727_5#63,0,0,0
8727_5#64,0,1,0
8727_5#65,0,0,0
8727_5#66,0,1,0
8727_5#67,0,0,0
8727_5#68,1,0,0
8727_5#69,0,0,0
8727_5#70,0,1,0
8727_5#71,0,0,0
15335_5#80,0,1,0
8727_5#73,0,0,0
8727_5#74,1,0,0
8727_5#75,0,0,0
8727_5#76,1,0,0
8727_5#77,0,1,0
8727_5#78,0,0,0
8727_5#79,0,1,0
8727_5#80,1,0,0
8727_5#81,0,1,0
8727_5#82,0,1,0
8727_5#83,0,1,0
8727_5#84,0,1,0
8727_5#85,0,1,0
8727_5#86,0,1,0
8727_5#87,0,1,0
8727_5#88,0,1,0
15335_6#50,0,1,0
8727_5#90,0,1,0
8727_5#91,0,1,0
8727_5#92,0,1,0
15335_5#35,0,0,0
15335_2#43,0,0,0
17176_1#82,0,0,0
15335_4#44,1,0,0
15335_4#13,0,0,0
17176_1#39,0,0,0
17150_8#77,1,0,0
8289_2#25,0,1,0
15335_5#8,0,0,0
17176_1#69,0,0,0
17225_2#7,0,0,0
17225_2#9,0,0,0
15335_4#33,1,0,0
17150_8#88,0,0,0
17176_1#34,0,0,0
15335_4#12,1,0,0
17225_3#18,1,0,0
17225_3#43,0,0,0
17225_3#44,0,0,0
17150_8#43,0,0,0
15335_5#2,0,0,0
15335_5#3,0,0,0
17225_3#72,1,0,0
17176_1#37,0,0,0
17225_3#73,0,0,0
15335_4#15,1,0,0
17225_3#45,0,0,0
17225_3#76,0,0,0
17176_1#63,0,0,0
15335_4#20,1,0,0
15335_4#21,1,0,0
17150_8#74,0,0,0
17225_3#47,0,0,0
17150_8#76,0,0,0
17150_8#78,0,0,0
17150_8#1,0,0,0
17176_1#44,0,1,0
17176_1#45,0,0,0
17225_3#83,0,0,0
17176_1#46,0,0,0
17225_3#88,0,0,0
17225_3#90,1,0,0
15335_2#9,1,0,0
15335_2#12,1,0,0
17176_1#68,0,0,0
17150_8#4,0,0,0
17225_2#8,1,0,0
15335_2#11,1,0,0
8289_2#29,0,1,0
15335_4#38,0,0,0
17225_3#8,0,0,0
15335_3#16,0,0,0
17150_8#81,0,0,0
17150_8#15,0,0,0
17225_3#34,1,0,0
15335_4#28,0,0,0
15335_4#29,0,0,0
15335_4#30,0,0,0
15335_4#32,1,0,0
15335_4#45,1,0,0
17225_3#54,0,0,0
17225_3#36,1,0,0
17150_8#67,0,0,0
17150_8#87,0,0,0
17150_8#90,0,0,0
17176_1#74,0,0,0
17225_3#11,0,0,0
17225_3#61,1,0,0
17176_1#59,0,0,0
17150_8#37,0,0,0
15335_4#11,1,0,0
15335_3#52,0,0,0
15335_2#83,0,0,0
17176_1#1,0,1,0
17176_1#2,0,0,0
17176_1#3,0,0,0
17176_1#76,0,0,0
17150_8#44,0,0,0
15335_3#27,0,1,0
15335_3#28,0,1,0
15335_3#29,0,0,0
17150_8#71,0,0,0
17225_3#67,0,0,0
17176_1#36,0,0,0
17225_3#68,0,0,0
15335_5#5,0,0,0
15335_4#16,0,1,0
15335_4#17,0,0,0
15335_4#18,1,0,0
15335_4#73,0,1,0
15335_3#30,0,1,0
15335_4#81,1,0,0
15335_3#31,0,1,0
15335_3#32,0,0,0
15335_2#87,0,0,0
15335_4#6,0,0,0
15335_4#7,0,0,0
15335_7#25,1,0,0
15335_7#52,0,0,0
17225_3#74,0,0,0
17225_3#75,0,0,0
17225_3#77,0,0,0
17225_3#78,0,0,0
15335_5#90,0,1,0
15335_5#91,0,0,0
15335_3#34,0,1,0
15335_2#90,0,0,0
15335_2#92,0,0,0
15335_2#93,0,0,0
15335_2#95,0,0,0
17150_8#73,0,0,0
15335_4#35,0,1,0
15335_3#36,0,0,0
15335_7#16,1,0,0
15335_7#45,0,0,0
17225_3#3,1,0,0
17225_3#4,0,0,0
17176_1#90,0,0,0
17150_8#45,0,0,0
15335_6#56,0,1,0
15335_7#56,1,0,0
17176_1#41,0,0,0
15335_4#82,1,0,0
17176_1#64,0,0,0
17176_1#65,0,0,0
17176_1#66,0,0,0
17225_3#7,1,0,0
15335_5#32,0,1,0
15335_3#37,0,1,0
15335_3#55,0,1,0
15335_7#14,0,0,0
15335_7#32,1,0,0
17176_1#7,0,0,0
17150_8#75,0,0,0
15335_3#56,0,0,0
15335_3#2,0,0,0
15335_3#3,0,0,0
15335_3#4,0,0,0
15335_3#5,0,0,0
15335_4#24,1,0,0
15335_3#12,0,1,0
15335_4#42,0,1,0
15335_3#39,0,1,0
15335_3#40,0,1,0
17176_1#91,0,1,0
17225_3#49,0,0,0
17225_3#84,0,0,0
17225_3#87,0,1,0
17176_1#48,0,0,0
17176_1#49,0,0,0
15335_4#25,1,0,0
15335_2#8,1,0,0
15335_3#15,0,0,0
15335_4#83,0,0,0
15335_3#6,0,0,0
15335_3#7,0,1,0
15335_3#8,0,1,0
15335_3#9,0,0,0
15335_2#5,0,1,0
17150_8#47,0,0,0
15335_4#78,0,0,0
15335_7#26,1,0,0
15335_7#38,0,0,0
15335_7#36,0,0,0
15335_7#57,0,0,0
15335_7#34,0,0,0
17176_1#67,0,0,0
17225_3#25,0,0,0
17225_3#26,0,0,0
17150_8#24,0,1,0
17225_2#1,0,1,0
17225_2#2,0,0,0
17225_2#3,0,1,0
17225_2#4,0,1,0
17225_2#6,0,1,0
15335_4#26,1,0,0
15335_2#10,1,0,0
15335_5#13,0,0,0
15335_5#14,0,1,0
15335_5#15,0,0,0
15335_5#16,0,1,0
15335_6#81,0,0,0
15335_3#80,0,0,0
15335_7#7,0,0,0
17176_1#8,0,0,0
15335_6#90,0,0,0
17176_1#9,0,0,0
15335_3#46,0,0,0
15335_3#81,0,0,0
15335_3#83,0,0,0
15335_3#84,0,0,0
17176_1#11,0,0,0
17176_1#13,0,0,0
17225_2#10,0,0,0
15335_4#41,1,0,0
15335_7#8,0,0,0
15335_3#63,0,1,0
15335_7#58,1,0,0
17176_1#84,0,0,0
17150_8#9,0,0,0
17225_3#30,0,0,0
17176_1#57,0,0,0
17150_8#53,0,0,0
17225_2#11,0,1,0
15335_5#22,0,0,0
15335_2#59,0,1,0
15335_4#43,1,0,0
15335_6#49,0,1,0
15335_3#65,0,0,0
15335_3#49,0,0,0
15335_3#51,0,1,0
15335_3#66,0,1,0
15335_3#85,0,0,0
15335_3#86,0,0,0
15335_6#82,0,0,0
15335_3#89,0,0,0
15335_3#90,0,0,0
15335_6#86,0,0,0
17176_1#15,0,0,0
15335_7#54,1,0,0
17176_1#19,0,0,0
17150_8#12,0,0,0
15335_5#23,0,1,0
15335_5#40,0,1,0
15335_3#67,0,0,0
15335_3#68,0,1,0
15335_4#85,1,0,0
15335_4#87,0,0,0
15335_3#70,0,1,0
15335_4#88,1,0,0
15335_3#91,0,0,0
15335_3#93,0,0,0
15335_7#24,0,0,0
15335_6#92,0,0,0
17176_1#21,0,1,0
15335_7#30,0,0,0
15335_7#37,0,0,0
15335_7#53,0,0,0
15335_3#94,0,0,0
8289_2#48,0,1,0
17150_8#57,0,1,0
15335_4#80,0,1,0
15335_4#89,1,0,0
15335_3#72,0,1,0
15335_4#91,1,0,0
15335_7#19,1,0,0
15335_6#53,0,0,0
15335_6#14,0,1,0
15335_3#95,0,0,0
15335_4#1,0,0,0
17225_2#13,1,1,0
17150_8#58,0,1,0
17225_2#15,1,0,0
15335_5#24,0,1,0
15335_3#74,0,1,0
15335_4#3,0,1,0
15335_4#4,0,0,0
15335_7#50,1,0,0
17150_8#22,0,1,0
17150_8#62,0,1,0
17150_8#84,0,0,0
17176_1#71,0,0,0
17150_8#85,0,0,0
17150_8#86,0,0,0
17150_8#33,0,1,0
17225_3#53,0,0,0
17150_8#63,0,1,0
17150_8#64,0,1,0
17150_8#65,0,1,0
17150_8#66,0,1,0
15335_5#31,0,1,0
15335_5#43,0,1,0
15335_6#20,0,1,0
15335_6#19,0,1,0
15335_6#9,0,1,0
15335_6#5,0,1,0
15335_4#95,1,0,0
15335_6#7,0,1,0
15335_7#33,1,0,0
17225_3#55,1,0,0
17225_3#56,1,0,0
17225_3#37,0,0,0
17176_1#18,0,0,0
15335_7#23,0,0,0
17176_1#32,0,0,0
17150_8#69,0,0,0
17150_8#89,0,0,0
17225_3#38,1,0,0
17225_3#39,0,0,0
17225_3#41,1,0,0
17225_3#57,0,0,0
17225_3#58,1,0,0
17225_3#59,1,0,0
17225_3#60,1,0,0
17225_3#62,1,0,0
17225_3#63,1,0,0
17176_1#58,0,0,0
17176_1#86,0,0,0
17150_8#38,0,0,0
17225_3#64,0,0,0
17150_8#39,0,0,0
17150_8#40,0,0,0
15335_3#11,0,0,0
15335_3#23,0,0,0
15335_6#83,0,0,0
15335_2#84,0,0,0
17176_1#60,0,0,0
17150_8#41,0,0,0
15335_3#25,0,1,0
15335_3#26,0,1,0
15335_7#12,1,0,0
15335_2#85,0,1,0
15335_2#86,0,0,0
15335_4#5,0,1,0
17176_1#4,0,0,0
17225_3#69,0,0,0
15335_4#19,0,0,0
15335_5#89,0,1,0
15335_2#30,0,1,0
15335_3#54,0,1,0
15335_2#88,1,0,0
15335_7#27,0,0,0
15335_7#42,0,1,0
15335_7#35,0,1,0
15335_7#43,0,0,0
17176_1#81,0,0,0
17176_1#89,0,0,0
15335_2#6,0,0,0
15335_5#6,0,1,0
17150_8#72,0,0,0
17225_3#81,0,0,0
15335_2#91,0,0,0
15335_2#94,0,0,0
17225_3#46,0,0,0
15335_7#15,0,0,0
15335_7#48,0,0,0
17225_3#6,0,0,0
17225_3#19,0,0,0
17225_3#20,0,0,0
17225_3#21,0,0,0
17225_3#22,0,0,0
17225_3#23,0,0,0
17176_1#27,0,0,0
17176_1#28,0,0,0
17176_1#5,0,0,0
15335_5#7,0,1,0
15335_4#36,1,0,0
15335_7#28,0,0,0
17150_8#23,0,1,0
17225_3#82,1,1,0
15335_5#9,0,1,0
15335_4#37,0,1,0
15335_3#57,0,1,0
15335_3#41,0,0,0
15335_3#44,0,1,0
17150_8#79,0,0,0
15335_5#34,0,1,0
17225_3#85,0,1,0
17225_3#86,0,0,0
17176_1#47,0,0,0
17225_3#89,0,0,0
15335_5#11,0,0,0
15335_6#61,0,1,0
15335_3#58,0,1,0
15335_7#22,1,0,0
17150_8#3,0,0,0
17176_1#50,0,1,0
17225_3#91,0,0,0
15335_5#12,0,1,0
15335_4#76,0,1,0
8289_2#61,0,1,0
15335_4#77,0,0,0
15335_7#29,0,0,0
17225_3#24,0,0,0
17150_8#5,0,0,0
15335_6#71,0,0,0
15335_3#79,0,0,0
17176_1#10,0,0,0
15335_5#17,0,1,0
15335_5#36,0,0,0
15335_7#11,0,0,0
17176_1#12,0,0,0
17150_8#80,0,0,0
17225_3#9,0,0,0
17225_3#27,0,0,0
17150_8#7,0,1,0
17150_8#8,0,1,0
17150_8#25,0,1,0
17150_8#26,0,1,0
17150_8#27,0,1,0
17150_8#28,0,1,0
17150_8#49,0,0,0
17150_8#50,0,1,0
15335_5#18,0,1,0
15335_3#13,0,1,0
15335_5#37,0,1,0
15841_6#73,1,0,0
15335_5#39,0,1,0
15335_6#51,0,1,0
15335_7#10,1,0,0
15335_3#47,0,1,0
15335_3#48,0,1,0
15335_3#64,0,1,0
15335_6#78,0,0,0
15335_4#8,0,0,0
15335_6#94,0,0,0
15335_6#95,0,0,0
17225_3#31,0,0,0
17150_8#11,0,0,0
17150_8#31,0,0,0
17225_3#51,1,0,0
17150_8#51,0,1,0
17150_8#54,0,0,0
17225_2#12,0,1,0
15335_4#27,1,1,0
15335_5#81,0,1,0
15335_6#48,0,0,0
15335_3#50,0,1,0
15335_6#76,0,0,0
15335_3#87,0,0,0
15335_6#85,0,1,0
15335_6#93,0,0,0
15335_7#4,0,0,0
17225_3#32,0,0,0
17225_3#33,0,0,0
17150_8#56,0,1,0
15335_4#75,1,0,0
15335_6#66,0,1,0
15335_3#69,0,1,0
15335_3#92,0,0,0
17176_1#22,0,0,0
15335_6#91,0,0,0
15335_7#18,0,0,0
15335_7#39,0,0,0
17150_8#14,0,1,0
15335_5#41,0,1,0
15335_3#71,0,1,0
15335_6#70,0,1,0
15335_6#55,0,1,0
15335_4#2,0,0,0
15335_4#9,0,0,0
17176_1#23,0,0,0
15335_7#6,0,0,0
17150_8#17,0,0,0
17150_8#19,0,1,0
17150_8#20,0,1,0
17225_2#14,1,0,0
17150_8#59,0,1,0
17225_2#16,0,0,0
17150_8#60,0,1,0
17150_8#61,0,1,0
15335_5#29,0,1,0
15335_4#31,1,0,0
15335_6#52,0,1,0
15335_6#47,0,1,0
15335_7#9,1,0,0
15335_6#67,0,1,0
15335_4#92,0,0,0
15335_6#16,0,1,0
15335_4#93,0,0,0
15335_6#57,0,1,0
15335_3#78,0,1,0
15335_6#72,0,0,0
17176_1#70,0,0,0
17150_8#83,0,0,0
17225_3#35,1,0,0
17225_3#52,0,0,0
15335_6#45,0,1,0
15335_6#54,0,1,0
15335_4#94,1,1,0
17176_1#72,0,0,0
17150_8#34,0,1,0
17150_8#35,0,1,0
15335_5#30,0,1,0
15335_4#34,1,0,0
15335_6#13,0,1,0
15335_6#18,0,1,0
15335_6#12,0,1,0
15335_6#8,0,1,0
17150_8#68,0,0,0
17225_3#12,1,0,0
17225_3#40,1,0,0
17225_3#42,1,0,0
15335_6#74,0,1,0
17225_3#1,0,0,0
17225_3#13,0,0,0
15335_5#88,0,1,0
17176_1#75,0,0,0
17176_1#87,0,0,0
17150_8#42,0,0,0
17225_3#70,0,0,0
15335_3#53,0,1,0
15335_3#33,0,1,0
15335_2#89,0,0,0
15335_7#31,0,1,0
17176_1#61,0,0,0
17176_1#62,0,0,0
17176_1#78,0,0,0
17176_1#88,0,0,0
17225_3#80,0,0,0
15335_3#35,0,1,0
15335_3#1,0,1,0
17225_3#5,0,0,0
15335_5#92,0,0,0
15335_5#93,0,0,0
15335_5#94,0,0,0
15335_7#17,1,0,0
17176_1#6,0,1,0
17176_1#29,0,0,0
17176_1#30,0,1,0
17176_1#31,0,0,0
15335_6#73,0,0,0
15335_4#23,1,0,0
15335_5#10,0,1,0
15335_5#33,0,1,0
15335_3#42,0,1,0
15335_3#43,0,1,0
15335_3#14,0,1,0
15335_3#45,0,1,0
15335_3#10,0,1,0
15335_7#55,1,1,0
17225_2#5,0,0,0
17176_1#55,0,0,0
15335_5#79,0,1,0
15335_2#15,1,0,0
15335_3#59,0,0,0
15335_7#49,0,0,0
17150_8#6,0,0,0
15335_3#60,0,1,0
15335_3#61,0,0,0
15335_3#82,0,0,0
15335_6#87,0,1,0
17225_3#28,0,0,0
17225_3#50,0,0,0
17150_8#29,0,1,0
17150_8#30,0,1,0
17176_1#56,0,1,0
15335_5#19,0,1,0
16043_2#27,0,0,0
15335_5#38,0,1,0
15335_3#62,0,1,0
15335_6#89,0,1,0
17176_1#14,0,1,0
17150_8#10,0,0,0
17150_8#52,0,1,0
17150_8#55,0,0,0
15335_5#20,0,1,0
15335_5#21,0,0,0
15335_3#88,0,0,0
17176_1#16,0,1,0
17176_1#17,0,0,0
15335_7#44,0,0,0
15335_7#40,0,0,0
15335_7#51,1,1,0
15335_7#41,1,1,0
15335_3#73,0,0,0
17150_8#82,0,0,0
17150_8#16,0,1,0
17150_8#18,0,1,0
17150_8#21,0,1,0
17150_8#32,0,1,0
15335_5#25,0,1,0
15335_5#26,0,1,0
15335_5#27,0,1,0
15335_5#28,0,1,0
15335_6#59,0,1,0
15335_6#15,0,1,0
15335_3#75,0,1,0
15335_6#62,0,1,0
15335_3#76,0,1,0
15335_3#77,0,1,0
15335_6#63,0,1,0
15335_4#10,0,1,0
17176_1#73,0,0,0
17225_3#10,0,0,0
15335_6#17,0,1,0
15335_6#6,0,1,0
15335_6#4,0,1,0
15335_6#3,0,1,0
15335_6#10,0,1,0
17176_1#33,0,0,0
15335_5#87,0,0,0
15335_6#64,0,0,0
15335_6#77,0,1,0
15335_5#1,0,0,0
17225_3#14,0,0,0
17225_3#65,0,0,0
17225_3#66,0,0,0
17176_1#26,0,0,0
15335_5#4,0,0,0
17176_1#77,0,0,0
17176_1#79,0,0,0
17176_1#80,0,0,0
15335_6#69,0,0,0
15335_6#84,0,1,0
15335_7#20,0,1,0
15335_5#77,0,1,0
15335_4#59,0,1,0
15335_6#75,0,1,0
15335_7#47,1,1,0
17150_8#2,0,0,0
17150_8#46,0,1,0
15335_4#66,0,1,0
15335_4#84,0,1,0
17150_8#48,0,0,0
15335_4#74,1,1,0
17176_1#83,0,0,0
17225_3#29,0,0,0
15335_5#82,0,1,0
15335_6#44,0,1,0
15335_7#13,1,1,0
15335_7#2,0,0,0
15335_5#83,0,1,0
15335_4#86,0,1,0
15335_6#65,0,0,0
16043_2#16,0,1,0
17150_8#13,0,0,0
15335_4#90,1,1,0
15335_6#60,0,0,0
15335_6#58,0,1,0
15335_7#1,0,1,0
16043_2#17,1,1,0
15335_2#19,0,1,0
15335_2#72,0,1,0
15335_2#52,0,1,0
15335_2#55,0,1,0
17150_8#91,0,0,0
17225_3#16,0,0,0
17225_3#17,0,0,0
15335_2#81,0,1,0
16043_2#20,0,1,0
17150_8#70,0,0,0
15335_7#86,0,1,0
15335_2#58,0,1,0
15335_6#33,0,1,0
15335_7#91,0,1,0
15335_2#48,0,1,0
15335_2#56,0,1,0
15335_2#31,0,1,0
15335_2#71,0,1,0
15335_2#40,0,1,0
15335_2#41,0,1,0
15335_2#34,0,1,0
15335_2#82,0,1,0
15335_2#3,0,1,0
15335_7#3,0,1,0
15335_7#74,0,1,0
16228_1#90,0,1,0
15335_2#35,0,1,0
15335_6#38,0,1,0
15335_6#43,0,1,0
15335_7#72,0,0,0
15335_7#76,0,1,0
15335_7#82,0,1,0
15335_6#37,0,1,0
15335_2#47,0,1,0
15335_7#88,0,1,0
16228_1#91,0,1,0
15335_7#84,0,1,0
15335_7#79,0,1,0
16228_1#89,0,1,0
16228_1#88,0,1,0
15335_6#68,0,1,0
16043_2#2,0,1,0
15335_2#4,0,1,0
16043_2#18,0,1,0
15335_2#50,0,1,0
15335_2#32,0,1,0
15335_2#16,0,1,0
15335_7#95,0,1,0
16043_2#11,0,1,0
15335_7#83,0,1,0
15335_7#73,0,1,0
15335_2#53,0,1,0
16043_2#12,0,1,0
15335_2#66,0,1,0
15335_2#57,0,1,0
15335_2#79,0,1,0
15335_2#74,0,1,0
15335_7#60,0,1,0
17176_1#24,0,1,0
15335_2#17,0,1,0
15335_6#21,0,1,0
15335_2#37,0,1,0
15335_7#66,0,1,0
15335_7#46,0,1,0
15335_6#34,0,1,0
15335_6#42,0,1,0
15335_2#33,0,1,0
16228_1#94,0,1,0
15335_2#51,0,1,0
15335_2#21,0,1,0
15335_7#71,0,0,0
15335_2#49,0,1,0
15335_2#62,0,1,0
15335_2#80,0,1,0
15335_2#78,0,1,0
15335_7#75,0,1,0
15335_7#78,0,1,0
15335_2#61,0,1,0
15335_7#64,0,1,0
15335_2#77,0,1,0
16228_1#93,0,0,0
15335_6#40,0,1,0
15335_2#38,0,1,0
15335_2#18,0,1,0
15335_7#85,0,1,0
15335_7#68,0,1,0
15335_7#62,0,1,0
15335_7#70,0,1,0
16043_2#8,0,1,0
16043_2#7,0,1,0
16043_2#3,0,1,0
15335_6#29,0,1,0
15335_6#35,0,1,0
15335_6#30,0,1,0
15335_7#94,0,1,0
15335_6#31,0,1,0
16043_2#14,0,1,0
15335_7#81,0,1,0
15335_2#63,0,1,0
15335_2#46,0,1,0
15335_2#42,0,1,0
15335_2#1,0,1,0
16043_2#10,0,1,0
15335_6#22,0,0,0
16043_2#5,0,1,0
15335_7#89,0,1,0
15335_6#32,0,1,0
15335_7#77,0,1,0
15335_6#26,0,1,0
15335_7#90,0,1,0
15335_6#25,0,1,0
15335_6#36,0,1,0
15335_6#39,0,1,0
16228_1#92,0,1,0
16043_2#4,0,1,0
15335_6#28,0,1,0
15335_6#41,0,1,0
16043_2#22,0,1,0
15335_2#60,0,1,0
16043_2#23,0,1,0
15335_2#2,0,1,0
15335_2#64,0,1,0
15335_2#67,0,1,0
15335_2#45,0,1,0
15335_2#44,0,1,0
15335_2#65,0,1,0
15335_7#65,0,1,0
15335_7#63,0,1,0
15335_2#75,0,1,0
15335_2#68,0,1,0
15335_7#67,0,1,0
16043_2#13,0,1,0
15335_6#27,0,1,0
16043_2#1,0,1,0
16043_2#9,0,1,0
15335_2#73,0,1,0
15335_2#54,0,1,0
15335_2#69,0,1,0
15335_7#93,0,1,0
15335_7#69,0,1,0
15335_6#24,0,1,0
16228_1#87,0,1,0
16043_2#6,0,1,0
16228_1#95,0,1,0
15335_7#92,0,1,0
15335_2#36,0,1,0
15335_2#70,0,1,0
15335_7#59,0,1,0
15335_7#61,0,1,0
15335_6#88,0,1,0
15335_2#76,0,1,0
16043_2#15,0,1,0
15335_6#23,0,0,0
16043_2#21,0,0,0
15335_2#20,0,1,0
15335_7#80,0,1,0
15335_7#87,0,0,0
15335_4#46,0,1,NA
15335_5#44,0,1,NA
15335_5#45,0,1,NA
15335_5#46,0,1,NA
15335_4#47,1,0,NA
15335_5#47,0,1,NA
15335_2#26,0,1,0
15335_4#48,1,0,NA
15335_2#13,1,1,NA
15335_5#69,0,1,NA
15335_5#48,0,0,NA
15335_2#23,0,0,0
15335_4#49,0,0,NA
15335_4#50,0,0,NA
15335_4#51,0,0,NA
15335_4#52,0,0,NA
16043_2#24,1,0,NA
15335_2#25,0,1,0
15335_2#24,0,1,0
15335_5#49,0,1,NA
16043_2#29,0,1,NA
15335_2#14,1,0,NA
15335_4#70,1,0,NA
15335_5#50,0,1,NA
15335_2#22,0,1,0
15335_4#55,0,1,NA
15335_4#56,0,0,NA
15335_4#57,0,0,NA
15335_5#52,0,0,NA
15335_4#58,0,0,NA
16043_2#25,1,0,NA
15335_4#60,0,1,0
15335_5#53,0,1,NA
15335_4#61,0,1,0
15335_4#62,0,1,0
15335_5#54,0,0,NA
15335_4#63,0,1,NA
15335_4#64,0,0,NA
15335_4#65,0,1,0
15335_2#28,0,1,0
15335_3#17,0,1,NA
15335_5#55,0,1,NA
15335_5#56,0,1,NA
15335_2#27,0,1,0
16043_2#26,1,0,NA
15335_5#70,0,1,NA
15335_5#71,0,1,NA
15335_3#18,0,1,NA
15335_5#57,0,1,NA
15335_5#58,0,1,NA
15335_5#72,0,1,0
15335_5#73,0,1,NA
15335_5#59,0,1,NA
15335_5#60,0,1,NA
15335_5#61,0,1,NA
15335_3#22,0,1,NA
15335_5#62,0,1,NA
15335_5#63,0,0,NA
15335_3#19,0,0,NA
15335_4#71,0,1,NA
15335_2#29,0,1,0
15335_5#74,0,1,NA
15335_6#2,0,1,NA
15335_4#72,1,0,NA
15335_4#67,1,0,NA
15335_4#68,1,0,NA
15335_5#64,0,1,NA
15335_5#65,0,1,NA
15335_5#66,0,1,NA
15335_4#69,0,1,NA
15335_5#67,0,1,NA
15335_5#68,0,1,NA
15335_6#1,0,1,NA
15335_3#20,0,1,NA
15335_3#21,0,1,NA
15335_5#78,0,0,0
17225_3#71,0,1,0
15335_2#39,0,0,0
17176_1#43,0,0,0
17176_1#40,0,0,0
17176_1#42,0,1,0
17176_1#51,0,1,0
2,1,0,0
7,1,0,0
43,1,0,0
71,1,0,0
2425,1,1,0
3001,1,NA,NA
3020,1,NA,NA
3828,1,NA,0
3831,1,0,0
3839,1,NA,0
3842,1,NA,0
3861,1,NA,0
3862,1,0,0
3863,1,0,0
3868,1,NA,0
3877,1,NA,0
3879,1,NA,0
11004,1,0,0
11027,1,NA,0
11068,1,NA,0
11078,1,0,0
11143,1,0,0
121470,1,1,0
09_008,1,NA,0
09_023,1,NA,NA
09_033,1,NA,0
09_048,1,NA,0
09_060,1,NA,0
09_062,1,NA,0
09_063,1,NA,NA
09_145,1,NA,0
10_009,1,NA,0
10_010,1,NA,0
10_026,1,NA,0
10_030,1,NA,0
10_062,1,NA,0
10_065,1,0,0
10_070,1,NA,0
10_083,1,NA,0
10_159,1,NA,0
10_167,1,NA,0
11_003,1,1,0
11_005,1,1,0
11_011,1,1,0
11_020,1,1,0
11_110,1,0,0
11_135,1,1,0
11_24,1,1,0
11_27,1,0,0
11_40,1,NA,0
11_77,1,1,0
12_018,1,NA,0
12_044,1,NA,0
12_046,1,NA,0
12_048,1,NA,0
12_050,1,NA,0
12_070,1,NA,0
12_079,1,NA,0
12_16,1,1,0
12_21,1,1,0
12_38,1,1,0
12_89,1,1,0
13_015,1,0,0
13_031_4,1,NA,0
13_034_4,1,NA,0
13_060_4,1,NA,0
13_3,1,1,0
13_5,1,1,0
13_777,1,NA,0
I12_018,1,NA,0
10356_1#13,0,0,0
10356_1#14,0,0,0
10356_1#20,1,0,0
10625_6#11,0,1,0
10625_6#20,0,1,0
10625_6#31,0,0,0
10900_8#46,0,1,0
10900_8#47,0,1,0
11791_8#1,0,1,0
11792_4#25,1,0,0
11792_4#89,0,1,1
11792_4#90,0,1,1
17176_1#52,0,1,0
17176_1#54,0,1,0
17176_1#53,0,1,0
17176_1#85,0,0,0
17176_1#38,0,1,0
8727_8#37,0,1,0
8727_8#44,0,1,0
8727_8#52,0,1,0
8727_8#58,0,1,0
8727_8#63,0,1,0
8727_5#72,0,1,0
8727_5#89,0,1,0
SRR5827254,0,0,0
SRR5827255,0,0,0
SRR5827256,0,1,0
SRR5827257,0,0,0
SRR5827258,0,1,0
SRR5827259,0,0,0
SRR5827260,0,1,0
SRR5827261,0,1,0
SRR5827252,0,0,0
SRR5827253,0,0,0
SRR5827047,0,1,0
SRR5827048,0,1,0
SRR5827049,0,0,0
SRR5827050,0,0,0
SRR5827043,0,0,0
SRR5827044,0,1,0
SRR5827045,0,0,0
SRR5827046,0,0,0
SRR5827041,0,0,0
SRR5827042,0,0,0
SRR5827151,0,0,0
SRR5827150,0,0,0
SRR5827153,0,0,0
SRR5827152,0,0,0
SRR5827155,0,1,0
SRR5827154,0,0,0
SRR5827157,0,0,0
SRR5827156,0,1,0
SRR5827149,0,0,0
SRR5827148,0,0,0
SRR5827278,0,1,0
SRR5827279,0,0,0
SRR5827276,0,0,0
SRR5827277,0,0,0
SRR5827282,0,0,0
SRR5827283,0,1,0
SRR5827280,0,0,0
SRR5827281,0,0,0
SRR5827274,0,0,0
SRR5827275,0,0,0
SRR5827313,0,0,0
SRR5827312,0,0,0
SRR5827311,0,0,0
SRR5827310,0,0,0
SRR5827309,0,0,0
SRR5827308,0,0,0
SRR5827307,0,0,0
SRR5827306,0,0,0
SRR5827305,0,0,0
SRR5827304,0,0,0
SRR5827411,0,0,0
SRR5827412,0,1,0
SRR5827413,0,1,0
SRR5827414,0,0,0
SRR5827415,0,0,0
SRR5827018,0,0,0
SRR5827019,0,1,0
SRR5827020,0,0,0
SRR5827409,0,0,0
SRR5827410,0,0,0
SRR5827122,0,1,0
SRR5827121,0,0,0
SRR5827124,0,1,0
SRR5827123,0,1,0
SRR5827118,0,0,0
SRR5827117,0,0,0
SRR5827120,0,0,0
SRR5827119,0,0,0
SRR5827126,0,0,0
SRR5827125,0,0,0
SRR5827238,0,0,0
SRR5827239,0,0,0
SRR5827236,0,1,0
SRR5827237,0,0,0
SRR5827234,0,0,0
SRR5827235,0,0,0
SRR5827232,0,0,0
SRR5827233,0,1,0
SRR5827240,0,0,0
SRR5827241,0,0,0
SRR5827183,0,0,0
SRR5827182,0,0,0
SRR5827181,0,0,0
SRR5827180,0,0,0
SRR5827187,0,0,0
SRR5827186,0,0,0
SRR5827147,0,1,0
SRR5827174,0,0,0
SRR5827177,0,0,0
SRR5827176,0,0,0
SRR5827324,0,0,0
SRR5827069,0,1,0
SRR5827070,0,0,0
SRR5827071,0,1,0
SRR5827051,0,0,0
SRR5827052,0,1,0
SRR5827262,0,0,0
SRR5827230,0,0,0
SRR5827074,0,0,0
SRR5827075,0,0,0
SRR5827247,0,1,0
SRR5827246,0,0,0
SRR5827245,0,1,0
SRR5827244,0,1,0
SRR5827251,0,0,0
SRR5827250,0,0,0
SRR5827249,0,0,0
SRR5827248,0,1,0
SRR5827243,0,0,0
SRR5827242,0,0,0
SRR5827133,0,0,0
SRR5827134,0,0,0
SRR5827135,0,0,0
SRR5827136,0,1,0
SRR5827129,0,0,0
SRR5827130,0,0,0
SRR5827131,0,0,0
SRR5827132,0,1,0
SRR5827127,0,0,0
SRR5827128,0,0,0
SRR5827058,0,0,0
SRR5827057,0,0,0
SRR5827060,0,0,0
SRR5827059,0,0,0
SRR5827054,0,1,0
SRR5827175,0,1,0
SRR5827056,0,0,0
SRR5827055,0,0,0
SRR5827066,0,0,0
SRR5827065,0,0,0
SRR5827359,0,0,0
SRR5827360,0,0,0
SRR5827357,0,0,0
SRR5827358,0,0,0
SRR5827355,0,0,0
SRR5827356,0,0,0
SRR5827353,0,0,0
SRR5827354,0,0,0
SRR5827361,1,1,0
SRR5827362,0,0,0
SRR5827293,0,0,0
SRR5827292,0,0,0
SRR5827291,0,1,0
SRR5827290,0,1,0
SRR5827289,0,1,0
SRR5827288,0,0,0
SRR5827287,0,0,0
SRR5827286,0,0,0
SRR5827285,0,0,0
SRR5827284,0,1,0
SRR5827158,0,0,0
SRR5827159,0,0,0
SRR5827160,0,0,0
SRR5827161,0,0,0
SRR5827162,0,0,0
SRR5827163,0,0,0
SRR5827164,0,0,0
SRR5827165,0,0,0
SRR5827166,0,0,0
SRR5827167,0,0,0
SRR5827094,0,1,0
SRR5827093,0,1,0
SRR5827096,0,1,0
SRR5827095,0,0,0
SRR5827098,0,0,0
SRR5827097,0,0,0
SRR5827100,0,0,0
SRR5827099,1,1,0
SRR5827092,0,0,0
SRR5827091,0,1,0
SRR5827387,0,0,0
SRR5827388,0,0,0
SRR5827385,0,1,0
SRR5827386,0,1,0
SRR5827391,0,0,0
SRR5827392,0,0,0
SRR5827389,0,1,0
SRR5827390,0,0,0
SRR5827383,0,0,0
SRR5827384,0,0,0
SRR5827328,0,1,0
SRR5827327,0,1,0
SRR5827326,0,0,0
SRR5827325,0,0,0
SRR5827332,0,0,0
SRR5827331,0,0,0
SRR5827330,0,1,0
SRR5827329,0,1,0
SRR5827336,0,0,0
SRR5827335,0,1,0
SRR5827207,0,0,0
SRR5827208,0,0,0
SRR5827209,0,1,0
SRR5827352,0,0,0
SRR5827203,0,0,0
SRR5827204,0,0,0
SRR5827205,0,1,0
SRR5827206,0,0,0
SRR5827363,0,0,0
SRR5827364,0,0,0
SRR5827101,0,0,0
SRR5827102,0,0,0
SRR5827086,0,1,0
SRR5827087,0,0,0
SRR5827105,0,0,0
SRR5827106,0,0,0
SRR5827107,0,0,0
SRR5827108,0,0,0
SRR5827109,0,1,0
SRR5827110,0,0,0
SRR5827218,0,0,0
SRR5827217,0,0,0
SRR5827216,0,0,0
SRR5827215,0,0,0
SRR5827214,0,1,0
SRR5827213,0,0,0
SRR5827212,0,0,0
SRR5827211,0,0,0
SRR5827210,0,0,0
SRR5827351,0,0,0
SRR5827229,0,0,0
SRR5827231,0,0,0
SRR5827333,0,0,0
SRR5827334,0,1,0
SRR5827339,0,0,0
SRR5827340,0,0,0
SRR5827337,0,1,0
SRR5827338,0,0,0
SRR5827200,0,1,0
SRR5827202,0,1,0
SRR5827024,0,0,0
SRR5827023,0,0,0
SRR5827026,0,0,0
SRR5827025,0,0,0
SRR5827028,0,0,0
SRR5827027,0,1,0
SRR5827030,0,0,0
SRR5827029,0,1,0
SRR5827022,0,1,0
SRR5827021,0,0,0
SRR5827184,0,0,0
SRR5827185,0,1,0
SRR5827067,0,0,0
SRR5827068,0,0,0
SRR5827061,0,0,0
SRR5827062,0,1,0
SRR5827063,0,0,0
SRR5827064,0,1,0
SRR5827178,0,0,0
SRR5827179,0,1,0
SRR5827169,0,1,0
SRR5827168,0,1,0
SRR5827073,0,0,0
SRR5827072,0,0,0
SRR5827173,0,0,0
SRR5827172,0,0,0
SRR5827171,0,0,0
SRR5827170,0,0,0
SRR5827273,0,0,0
SRR5827053,0,0,0
SRR5827300,0,0,0
SRR5827301,0,1,0
SRR5827298,0,0,0
SRR5827299,0,0,0
SRR5827296,0,1,0
SRR5827297,0,0,0
SRR5827294,0,0,0
SRR5827295,0,0,0
SRR5827302,0,0,0
SRR5827303,0,0,0
SRR5827199,0,0,0
SRR5827198,0,1,0
SRR5827400,0,0,0
SRR5827399,0,0,0
SRR5827394,0,1,0
SRR5827393,0,0,0
SRR5827396,0,1,0
SRR5827395,0,0,0
SRR5827088,0,1,0
SRR5827405,0,0,0
SRR5827190,0,0,0
SRR5827191,0,1,0
SRR5827192,0,0,0
SRR5827193,0,0,0
SRR5827194,0,0,0
SRR5827195,0,1,0
SRR5827196,0,1,0
SRR5827197,0,0,0
SRR5827188,0,1,0
SRR5827189,0,1,0
SRR5827321,0,1,0
SRR5827320,0,1,0
SRR5827319,0,0,0
SRR5827318,0,1,0
SRR5827317,0,0,0
SRR5827316,0,1,0
SRR5827315,0,0,0
SRR5827314,0,1,0
SRR5827323,0,0,0
SRR5827322,0,0,0
SRR5827376,0,1,0
SRR5827375,0,1,0
SRR5827378,0,0,0
SRR5827377,0,1,0
SRR5827380,0,1,0
SRR5827379,0,0,0
SRR5827382,0,0,0
SRR5827381,0,1,0
SRR5827374,0,1,0
SRR5827373,0,1,0
SRR5827267,0,0,0
SRR5827268,0,1,0
SRR5827265,0,1,0
SRR5827266,0,0,0
SRR5827271,0,0,0
SRR5827272,0,0,0
SRR5827269,0,1,0
SRR5827270,0,1,0
SRR5827263,0,0,0
SRR5827264,0,0,0
SRR5827146,0,0,0
SRR5827145,0,0,0
SRR5827144,0,0,0
SRR5827143,0,0,0
SRR5827142,0,0,0
SRR5827141,0,1,0
SRR5827140,0,0,0
SRR5827139,0,0,0
SRR5827138,0,0,0
SRR5827137,0,0,0
SRR5827031,0,1,0
SRR5827032,0,1,0
SRR5827033,0,1,0
SRR5827034,0,1,0
SRR5827035,0,0,0
SRR5827036,0,0,0
SRR5827037,0,0,0
SRR5827038,0,0,0
SRR5827039,0,1,0
SRR5827040,0,0,0
SRR5827346,0,0,0
SRR5827345,0,0,0
SRR5827348,0,0,0
SRR5827347,0,1,0
SRR5827342,0,1,0
SRR5827341,0,0,0
SRR5827344,0,0,0
SRR5827343,0,1,0
SRR5827350,0,1,0
SRR5827349,0,0,0
SRR5827225,0,1,0
SRR5827226,0,1,0
SRR5827223,0,1,0
SRR5827224,0,0,0
SRR5827221,0,1,0
SRR5827222,0,0,0
SRR5827219,0,1,0
SRR5827220,0,0,0
SRR5827227,0,0,0
SRR5827228,0,0,0
SRR5827112,0,1,0
SRR5827111,0,1,0
SRR5827090,0,1,0
SRR5827089,0,0,0
SRR5827116,0,0,0
SRR5827115,0,0,0
SRR5827114,0,1,0
SRR5827113,0,0,0
SRR5827104,0,0,0
SRR5827103,0,0,0
SRR5827201,0,1,0
SRR5827406,0,1,0
SRR5827407,0,1,0
SRR5827408,0,0,0
SRR5827401,0,0,0
SRR5827402,0,1,0
SRR5827403,0,0,0
SRR5827404,0,0,0
SRR5827397,0,1,0
SRR5827398,0,0,0
SRR5827077,0,1,0
SRR5827076,0,0,0
SRR5827079,0,0,0
SRR5827078,0,0,0
SRR5827081,0,0,0
SRR5827080,0,1,0
SRR5827083,0,1,0
SRR5827082,0,0,0
SRR5827085,0,0,0
SRR5827084,0,0,0
SRR5827367,0,0,0
SRR5827368,0,0,0
SRR5827365,0,1,0
SRR5827366,0,0,0
SRR5827371,0,0,0
SRR5827372,0,0,0
SRR5827369,0,1,0
SRR5827370,0,0,0
ERR2172254,1,NA,NA
ERR2172255,0,NA,NA
ERR2172256,1,NA,NA
ERR2172257,1,NA,NA
ERR2172258,1,NA,NA
ERR2172259,1,NA,NA
ERR2172260,1,NA,NA
ERR2172261,1,NA,NA
ERR2172262,1,NA,NA
ERR2172263,1,NA,NA
ERR2172264,1,NA,NA
ERR2172265,1,NA,NA
ERR2172266,1,NA,NA
ERR2172267,1,NA,NA
ERR2172268,1,NA,NA
ERR2172269,1,NA,NA
ERR2172270,1,NA,NA
ERR2172271,1,NA,NA
ERR2172272,1,NA,NA
ERR2172273,1,NA,NA
ERR2172274,1,NA,NA
ERR2172275,1,NA,NA
ERR2172276,1,NA,NA
ERR2172277,1,NA,NA
ERR2172278,1,NA,NA
ERR2172279,1,NA,NA
ERR2172280,1,NA,NA
ERR2172281,1,NA,NA
ERR2172282,1,NA,NA
ERR2172283,1,NA,NA
ERR2172284,1,NA,NA
ERR2172285,1,NA,NA
ERR2172286,1,NA,NA
ERR2172287,1,NA,NA
ERR2172288,1,NA,NA
ERR2172289,1,NA,NA
ERR2172290,1,NA,NA
ERR2172291,1,NA,NA
ERR2172292,1,NA,NA
ERR2172293,1,NA,NA
ERR2172294,1,NA,NA
ERR2172295,1,NA,NA
ERR2172296,1,NA,NA
ERR2172297,1,NA,NA
ERR2172298,1,NA,NA
ERR2172299,1,NA,NA
ERR2172300,1,NA,NA
ERR2172301,0,NA,NA
ERR2172302,1,NA,NA
ERR2172303,1,NA,NA
ERR2172304,1,NA,NA
ERR2172305,1,NA,NA
ERR2172306,1,NA,NA
ERR2172307,0,NA,NA
ERR2172308,1,NA,NA
ERR2172309,1,NA,NA
ERR2172310,1,NA,NA
ERR2172311,0,NA,NA
ERR2172312,1,NA,NA
ERR2172313,1,NA,NA
ERR2172314,1,NA,NA
ERR2172315,1,NA,NA
ERR2172316,0,NA,NA
ERR2172317,1,NA,NA
ERR2172318,1,NA,NA
ERR2172319,1,NA,NA
ERR2172320,1,NA,NA
ERR2172321,1,NA,NA
ERR2172322,1,NA,NA
ERR2172323,1,NA,NA
ERR2172324,1,NA,NA
ERR2172325,1,NA,NA
ERR2172326,1,NA,NA
ERR2172327,1,NA,NA
ERR2172328,1,NA,NA
ERR2172329,1,NA,NA
ERR2172330,1,NA,NA
ERR2172331,1,NA,NA
ERR2172332,1,NA,NA
ERR2172333,1,NA,NA
ERR2172334,1,NA,NA
ERR2172335,1,NA,NA
ERR2172336,1,NA,NA
ERR2172337,1,NA,NA
ERR2172338,1,NA,NA
ERR2172339,1,NA,NA
ERR2172340,1,NA,NA
ERR2172341,1,NA,NA
ERR2172342,0,NA,NA
ERR2172343,1,NA,NA
ERR2172344,0,NA,NA
ERR2172345,0,NA,NA
ERR2172346,0,NA,NA
ERR2172347,1,NA,NA
ERR2172348,1,NA,NA
ERR2172349,1,NA,NA
ERR2172350,1,NA,NA
ERR2172351,1,NA,NA
ERR2172352,1,NA,NA
ERR2172353,1,NA,NA
ERR2172354,0,NA,NA
